"","YEAR","WEEK","Date","ILITOTAL","TOTAL PATIENTS","TOTAL_PATIENTS","ILI_Ratio","TotalWeeks","logILITOTAL"
"1",2015,1,2014-12-29,2891,93515,93515,0.0309148264984227,1,7.96935774201635
"2",2015,2,2015-01-05,2518,101733,101733,0.0247510640598429,2,7.83122021460429
"3",2015,3,2015-01-12,2230,101531,101531,0.0219637352138756,3,7.70975686445416
"4",2015,4,2015-01-19,2039,102448,102448,0.0199027799468999,4,7.62021477057445
"5",2015,5,2015-01-26,1910,95913,95913,0.0199138802873437,5,7.55485852104068
"6",2015,6,2015-02-02,2191,109486,109486,0.0200116909924557,6,7.69211333959547
"7",2015,7,2015-02-09,2067,103945,103945,0.0198855163788542,7,7.63385355968177
"8",2015,8,2015-02-16,2005,108800,108800,0.0184283088235294,8,7.60339933974067
"9",2015,9,2015-02-23,2084,101955,101955,0.0204403903682997,9,7.64204440287326
"10",2015,10,2015-03-02,2251,108134,108134,0.0208167643849298,10,7.71912984090673
"11",2015,11,2015-03-09,2342,106146,106146,0.0220639496542498,11,7.75876054415766
"12",2015,12,2015-03-16,2276,100591,100591,0.0226262786929248,12,7.73017479524622
"13",2015,13,2015-03-23,2183,100035,100035,0.0218223621732394,13,7.68845535654994
"14",2015,14,2015-03-30,2009,101306,101306,0.0198310070479537,14,7.60539236481493
"15",2015,15,2015-04-06,1717,105910,105910,0.0162118780096308,15,7.44833386089748
"16",2015,16,2015-04-13,1396,98578,98578,0.0141613747489298,16,7.24136628332232
"17",2015,17,2015-04-20,1421,100330,100330,0.0141632612379149,17,7.2591161280971
"18",2015,18,2015-04-27,1251,98855,98855,0.0126548985888422,18,7.13169851046691
"19",2015,19,2015-05-04,1094,91478,91478,0.0119591595793524,19,6.99759598298193
"20",2015,20,2015-05-11,961,86361,86361,0.0111277081089844,20,6.86797440897029
"21",2015,21,2015-05-18,696,70997,70997,0.00980323112244179,21,6.54534966033442
"22",2015,22,2015-05-25,698,72238,72238,0.00966250449901714,22,6.54821910276237
"23",2015,23,2015-06-01,651,73289,73289,0.00888264268853443,23,6.47850964220857
"24",2015,24,2015-06-08,548,72688,72688,0.00753907109839313,24,6.30627528694802
"25",2015,25,2015-06-15,661,73614,73614,0.00897927024750727,25,6.49375383985169
"26",2015,26,2015-06-22,535,65162,65162,0.00821030662042295,26,6.28226674689601
"27",2015,27,2015-06-29,565,71929,71929,0.00785496809353668,27,6.33682573114644
"28",2015,28,2015-07-06,544,74000,74000,0.00735135135135135,28,6.29894924685594
"29",2015,29,2015-07-13,503,69297,69297,0.00725861148390262,29,6.22059017009974
"30",2015,30,2015-07-20,554,69516,69516,0.00796938834225214,30,6.31716468674728
"31",2015,31,2015-07-27,556,68628,68628,0.00810164947251851,31,6.32076829425058
"32",2015,32,2015-08-03,547,71063,71063,0.00769739526898667,32,6.30444880242198
"33",2015,33,2015-08-10,529,74069,74069,0.007141989226262,33,6.2709884318583
"34",2015,34,2015-08-17,606,77560,77560,0.00781330582774626,34,6.40687998606931
"35",2015,35,2015-08-24,574,76861,76861,0.00746802669754492,35,6.35262939631957
"36",2015,36,2015-08-31,622,73680,73680,0.00844191096634093,36,6.43294009273918
"37",2015,37,2015-09-07,802,83608,83608,0.00959238350397091,37,6.68710860786651
"38",2015,38,2015-09-14,798,80155,80155,0.00995571081030503,38,6.68210859744981
"39",2015,39,2015-09-21,808,83523,83523,0.00967398201692947,39,6.69456205852109
"40",2015,40,2015-09-28,1328,112807,112807,0.0117723190936733,40,7.19142933003638
"41",2015,41,2015-10-05,1465,114738,114738,0.0127682197702592,41,7.28961052145117
"42",2015,42,2015-10-12,1321,113882,113882,0.0115997260322088,42,7.18614430452233
"43",2015,43,2015-10-19,1383,111930,111930,0.0123559367461806,43,7.23201033166476
"44",2015,44,2015-10-26,1543,115561,115561,0.0133522555187304,44,7.34148385236316
"45",2015,45,2015-11-02,1671,115172,115172,0.0145087347619213,45,7.42117752859539
"46",2015,46,2015-11-09,1557,112999,112999,0.0137788829989646,46,7.350516171834
"47",2015,47,2015-11-16,1291,84166,84166,0.0153387353563197,47,7.16317239084664
"48",2015,48,2015-11-23,1549,114618,114618,0.013514456717095,48,7.34536484041687
"49",2015,49,2015-11-30,1736,113359,113359,0.0153141788477315,49,7.4593388952203
"50",2015,50,2015-12-07,1629,103898,103898,0.0156788388611908,50,7.39572160860205
"51",2015,51,2015-12-14,1515,74899,74899,0.02022723934899,51,7.32317071794347
"52",2015,52,2015-12-21,1482,77595,77595,0.0190991687608738,52,7.30114780585603
"53",2016,1,2016-01-04,1737,104389,104389,0.0166396842579199,53,7.4599147662411
"54",2016,2,2016-01-11,1692,99806,99806,0.0169528886038916,54,7.43366654016617
"55",2016,3,2016-01-18,1817,105952,105952,0.0171492751434612,55,7.50494206839617
"56",2016,4,2016-01-25,1982,110833,110833,0.0178827605496558,56,7.59186171488993
"57",2016,5,2016-02-01,2186,111325,111325,0.0196362003143948,57,7.68982866873648
"58",2016,6,2016-02-08,2461,108583,108583,0.0226646896843889,58,7.80832305039106
"59",2016,7,2016-02-15,2990,107096,107096,0.027918876521999,59,8.00302866638473
"60",2016,8,2016-02-22,3346,112205,112205,0.0298204179849383,60,8.11552088154677
"61",2016,9,2016-02-29,3729,114211,114211,0.032650094999606,61,8.22389538017882
"62",2016,10,2016-03-07,3947,115581,115581,0.0341492113755721,62,8.28071107566285
"63",2016,11,2016-03-14,3051,111090,111090,0.0274642182014583,63,8.02322468471667
"64",2016,12,2016-03-21,2621,108476,108476,0.0241620266234006,64,7.87131120332341
"65",2016,13,2016-03-28,2310,106890,106890,0.0216110019646365,65,7.74500280351584
"66",2016,14,2016-04-04,1840,108621,108621,0.0169396341407279,66,7.51752085060303
"67",2016,15,2016-04-11,1745,110074,110074,0.0158529716372622,67,7.46450983463653
"68",2016,16,2016-04-18,1609,105845,105845,0.015201473853276,68,7.38336814699238
"69",2016,17,2016-04-25,1426,104158,104158,0.0136907390694906,69,7.26262860097424
"70",2016,18,2016-05-02,1117,99013,99013,0.0112813468938422,70,7.0184017990692
"71",2016,19,2016-05-09,1161,96531,96531,0.0120272244149548,71,7.05703698169789
"72",2016,20,2016-05-16,1032,94174,94174,0.0109584386348674,72,6.93925394604151
"73",2016,21,2016-05-23,762,78337,78337,0.00972720425852407,73,6.63594655568665
"74",2016,22,2016-05-30,749,71377,71377,0.0104935763621335,74,6.61873898351722
"75",2016,23,2016-06-06,663,78140,78140,0.0084847709239826,75,6.49677499018586
"76",2016,24,2016-06-13,472,69920,69920,0.00675057208237986,76,6.15697898558556
"77",2016,25,2016-06-20,484,69200,69200,0.00699421965317919,77,6.18208490671663
"78",2016,26,2016-06-27,474,62038,62038,0.00764047841645443,78,6.16120732169508
"79",2016,27,2016-07-04,398,62343,62343,0.00638403670019088,79,5.98645200528444
"80",2016,28,2016-07-11,465,73224,73224,0.00635037692559816,80,6.14203740558736
"81",2016,29,2016-07-18,426,69946,69946,0.00609041260400881,81,6.05443934626937
"82",2016,30,2016-07-25,403,68430,68430,0.00588922986994008,82,5.99893656194668
"83",2016,31,2016-08-01,414,70792,70792,0.00584811843146118,83,6.02586597382531
"84",2016,32,2016-08-08,406,72405,72405,0.00560734755887024,84,6.00635315960173
"85",2016,33,2016-08-15,420,74701,74701,0.00562241469324373,85,6.04025471127741
"86",2016,34,2016-08-22,539,76701,76701,0.00702728777982034,86,6.289715570909
"87",2016,35,2016-08-29,494,73391,73391,0.00673107056723576,87,6.20253551718792
"88",2016,36,2016-09-05,569,71654,71654,0.0079409383984146,88,6.34388043412633
"89",2016,37,2016-09-12,730,78776,78776,0.00926678176094242,89,6.59304453414244
"90",2016,38,2016-09-19,811,83605,83605,0.00970037677172418,90,6.69826805411541
"91",2016,39,2016-09-26,957,81375,81375,0.0117603686635945,91,6.86380339145295
"92",2016,40,2016-10-03,1145,110007,110007,0.0104084285545465,92,7.04315991598834
"93",2016,41,2016-10-10,1106,108986,108986,0.0101480924155396,93,7.00850518208228
"94",2016,42,2016-10-17,1314,111420,111420,0.0117932148626817,94,7.18083119904456
"95",2016,43,2016-10-24,1345,109441,109441,0.0122897268848055,95,7.20414929203594
"96",2016,44,2016-10-31,1567,113285,113285,0.0138323696870724,96,7.35691824235602
"97",2016,45,2016-11-07,1512,106464,106464,0.0142019837691614,97,7.32118855673948
"98",2016,46,2016-11-14,1584,109569,109569,0.0144566437587274,98,7.36770857237437
"99",2016,47,2016-11-21,1232,81059,81059,0.0151988058081151,99,7.11639414409346
"100",2016,48,2016-11-28,1542,112110,112110,0.0137543484078138,100,7.34083555412327
"101",2016,49,2016-12-05,1696,104730,104730,0.0161940227251026,101,7.43602781635185
"102",2016,50,2016-12-12,1732,99492,99492,0.0174084348490331,102,7.45703208912238
"103",2016,51,2016-12-19,1742,86198,86198,0.0202092855982737,103,7.46278915741245
"104",2016,52,2016-12-26,2037,78808,78808,0.0258476296822658,104,7.61923341622681
"105",2017,1,2017-01-02,2171,92232,92232,0.0235384682105994,105,7.68294316987829
"106",2017,2,2017-01-09,2461,107273,107273,0.022941467097965,106,7.80832305039106
"107",2017,3,2017-01-16,2770,108514,108514,0.0255266601544501,107,7.92660259918138
"108",2017,4,2017-01-23,3273,116358,116358,0.0281287062342082,108,8.09346227450118
"109",2017,5,2017-01-30,3879,114650,114650,0.0338334060183166,109,8.26333266743997
"110",2017,6,2017-02-06,4796,121101,121101,0.039603306331079,110,8.4755375161474
"111",2017,7,2017-02-13,5168,118349,118349,0.0436674581111796,111,8.55024104546244
"112",2017,8,2017-02-20,5002,116552,116552,0.0429164664699018,112,8.51759311143756
"113",2017,9,2017-02-27,3617,113872,113872,0.0317637347196853,113,8.1934002319521
"114",2017,10,2017-03-06,3697,111882,111882,0.0330437425144348,114,8.21527695893663
"115",2017,11,2017-03-13,3138,105218,105218,0.0298237944078009,115,8.05134093329298
"116",2017,12,2017-03-20,3194,109847,109847,0.0290768068313199,116,8.06902932877496
"117",2017,13,2017-03-27,2686,106413,106413,0.0252412769116555,117,7.89580837708318
"118",2017,14,2017-04-03,2296,109811,109811,0.0209086521386746,118,7.73892375743946
"119",2017,15,2017-04-10,1688,108459,108459,0.0155634848191482,119,7.4312996751559
"120",2017,16,2017-04-17,1480,106331,106331,0.0139188007260347,120,7.29979736675816
"121",2017,17,2017-04-24,1405,108836,108836,0.0129093314712044,121,7.24779258176785
"122",2017,18,2017-05-01,1203,104685,104685,0.0114916177102737,122,7.09257371597468
"123",2017,19,2017-05-08,1262,101267,101267,0.0124621051280279,123,7.14045304310116
"124",2017,20,2017-05-15,1019,93277,93277,0.0109244508292505,124,6.92657703322272
"125",2017,21,2017-05-22,785,78920,78920,0.00994678155093766,125,6.66568371778241
"126",2017,22,2017-05-29,692,72164,72164,0.00958926888753395,126,6.53958595561767
"127",2017,23,2017-06-05,625,73291,73291,0.00852765005253033,127,6.4377516497364
"128",2017,24,2017-06-12,536,70692,70692,0.00758218751768234,128,6.2841341610708
"129",2017,25,2017-06-19,559,73264,73264,0.00762994103516052,129,6.3261494731551
"130",2017,26,2017-06-26,454,64705,64705,0.0070164593153543,130,6.11809719804135
"131",2017,27,2017-07-03,368,60728,60728,0.00605980766697405,131,5.90808293816893
"132",2017,28,2017-07-10,451,68238,68238,0.00660922066883555,132,6.11146733950268
"133",2017,29,2017-07-17,413,68445,68445,0.00603404193147783,133,6.02344759296103
"134",2017,30,2017-07-24,421,68834,68834,0.00611616352383996,134,6.04263283368238
"135",2017,31,2017-07-31,430,67242,67242,0.00639481276583088,135,6.06378520868761
"136",2017,32,2017-08-07,417,68137,68137,0.00612002289504968,136,6.0330862217988
"137",2017,33,2017-08-14,453,69239,69239,0.0065425554961799,137,6.11589212548303
"138",2017,34,2017-08-21,471,72401,72401,0.00650543500780376,138,6.15485809401642
"139",2017,35,2017-08-28,571,76020,76020,0.00751118126808735,139,6.34738920965601
"140",2017,36,2017-09-04,645,68648,68648,0.00939575807015499,140,6.46925031679577
"141",2017,37,2017-09-11,916,85769,85769,0.0106798493628234,141,6.82001636467413
"142",2017,38,2017-09-18,1003,87162,87162,0.011507308230651,142,6.91075078796194
"143",2017,39,2017-09-25,1090,87979,87979,0.012389320178679,143,6.99393297522319
"144",2017,40,2017-10-02,1251,112918,112918,0.0110788359694646,144,7.13169851046691
"145",2017,41,2017-10-09,1293,111353,111353,0.0116117212827674,145,7.16472037877186
"146",2017,42,2017-10-16,1279,116008,116008,0.011025101717123,146,7.15383380157884
"147",2017,43,2017-10-23,1353,113884,113884,0.0118805099926241,147,7.21007962817079
"148",2017,44,2017-10-30,1338,114421,114421,0.0116936576327772,148,7.19893124068817
"149",2017,45,2017-11-06,1556,116083,116083,0.0134042021656918,149,7.34987370473834
"150",2017,46,2017-11-13,1416,112157,112157,0.012625159374805,150,7.25559127425367
"151",2017,47,2017-11-20,1340,84736,84736,0.0158138217522659,151,7.20042489294496
"152",2017,48,2017-11-27,1897,117115,117115,0.0161977543440208,152,7.54802896993501
"153",2017,49,2017-12-04,2196,116359,116359,0.0188726269562303,153,7.69439280262942
"154",2017,50,2017-12-11,2593,110040,110040,0.0235641584878226,154,7.86057078553866
"155",2017,51,2017-12-18,3398,102102,102102,0.0332804450451509,155,8.13094230223188
"156",2017,52,2017-12-25,3990,79028,79028,0.0504884344789189,156,8.29154650988391
"157",2018,1,2018-01-01,4215,93192,93192,0.0452292042235385,157,8.34640487043596
"158",2018,2,2018-01-08,5061,110716,110716,0.04571155027277,158,8.52931937121408
"159",2018,3,2018-01-15,5389,108479,108479,0.0496778178264918,159,8.5921151179335
"160",2018,4,2018-01-22,6172,122236,122236,0.050492489937498,160,8.72777821348305
"161",2018,5,2018-01-29,6608,119156,119156,0.0554567122092047,161,8.79603631520081
"162",2018,6,2018-02-05,6258,112312,112312,0.0557197806111546,162,8.74161592422883
"163",2018,7,2018-02-12,5339,115426,115426,0.0462547432987369,163,8.58279364850019
"164",2018,8,2018-02-19,4192,111687,111687,0.0375334640557988,164,8.34093322600088
"165",2018,9,2018-02-26,2995,111620,111620,0.02683210894105,165,8.00469951054955
"166",2018,10,2018-03-05,2652,110582,110582,0.0239822032518855,166,7.88306935130575
"167",2018,11,2018-03-12,2235,103465,103465,0.0216015077562461,167,7.71199650704767
"168",2018,12,2018-03-19,2247,105205,105205,0.0213583004610047,168,7.71735127218533
"169",2018,13,2018-03-26,1907,89195,89195,0.0213801222041594,169,7.55328660560042
"170",2018,14,2018-04-02,1722,98937,98937,0.0174050153127748,170,7.45124168498768
"171",2018,15,2018-04-09,1617,103245,103245,0.0156617753886387,171,7.38832785957711
"172",2018,16,2018-04-16,1305,98947,98947,0.0131888788947618,172,7.17395831975679
"173",2018,17,2018-04-23,1246,94632,94632,0.0131667934736664,173,7.1276936993474
"174",2018,18,2018-04-30,963,91746,91746,0.010496370413969,174,6.87005341179813
"175",2018,19,2018-05-07,882,88224,88224,0.00999727965179543,175,6.78219205600679
"176",2018,20,2018-05-14,799,90611,90611,0.00881791393980863,176,6.68336094576627
"177",2018,21,2018-05-21,737,80828,80828,0.00911812738160044,177,6.60258789218934
"178",2018,22,2018-05-28,611,72576,72576,0.00841876102292769,178,6.4150969591716
"179",2018,23,2018-06-04,483,74179,74179,0.00651127677644616,179,6.18001665365257
"180",2018,24,2018-06-11,431,67841,67841,0.00635309031411683,180,6.06610809010375
"181",2018,25,2018-06-18,443,74027,74027,0.00598430302457212,181,6.09356977004514
"182",2018,26,2018-06-25,418,71320,71320,0.00586090858104319,182,6.03548143252476
"183",2018,27,2018-07-02,371,62721,62721,0.00591508426204939,183,5.91620206260743
"184",2018,28,2018-07-09,416,72208,72208,0.00576113450033237,184,6.03068526026126
"185",2018,29,2018-07-16,385,71737,71737,0.0053668260451371,185,5.95324333428778
"186",2018,30,2018-07-23,315,71391,71391,0.00441232088078329,186,5.75257263882563
"187",2018,31,2018-07-30,362,67829,67829,0.00533695027200755,187,5.89164421182577
"188",2018,32,2018-08-06,288,66085,66085,0.00435802375728229,188,5.66296048013595
"189",2018,33,2018-08-13,327,67670,67670,0.00483227427220334,189,5.78996017089725
"190",2018,34,2018-08-20,358,64596,64596,0.00554213883212583,190,5.8805329864007
"191",2018,35,2018-08-27,462,67240,67240,0.00687091017251636,191,6.13556489108174
"192",2018,36,2018-09-03,513,64782,64782,0.00791886635176438,192,6.24027584517077
"193",2018,37,2018-09-10,640,72854,72854,0.00878469267301727,193,6.46146817635372
"194",2018,38,2018-09-17,774,75066,75066,0.0103109263847814,194,6.65157187358973
"195",2018,39,2018-09-24,657,72570,72570,0.00905332782141381,195,6.48768401848461
"196",2018,40,2018-10-01,1232,126743,126743,0.00972045793456049,196,7.11639414409346
"197",2018,41,2018-10-08,1379,126618,126618,0.0108910265523069,197,7.2291138777933
"198",2018,42,2018-10-15,1388,129342,129342,0.0107312396591981,198,7.23561914106675
"199",2018,43,2018-10-22,1551,131605,131605,0.0117852665172296,199,7.34665516317654
"200",2018,44,2018-10-29,1707,130081,130081,0.013122592845996,200,7.44249272279444
"201",2018,45,2018-11-05,1662,130344,130344,0.0127508746087277,201,7.41577697541539
"202",2018,46,2018-11-12,1653,119764,119764,0.01380214421696,202,7.41034709782102
"203",2018,47,2018-11-19,1382,89494,89494,0.0154423760252084,203,7.23128700432762
"204",2018,48,2018-11-26,1902,128210,128210,0.0148350362686218,204,7.55066124310534
"205",2018,49,2018-12-03,1903,129762,129762,0.0146653103373869,205,7.55118686729615
"206",2018,50,2018-12-10,2111,126265,126265,0.0167188056864531,206,7.65491704784832
"207",2018,51,2018-12-17,2240,108282,108282,0.0206867254021906,207,7.71423114484909
"208",2018,52,2018-12-24,2478,88596,88596,0.0279696600297982,208,7.81520706218909
"209",2019,1,2018-12-31,2485,106976,106976,0.0232295094226742,209,7.81802793853073
"210",2019,2,2019-01-07,2508,124247,124247,0.0201855980426087,210,7.82724090175281
"211",2019,3,2019-01-14,2615,124454,124454,0.0210117794526492,211,7.86901937649902
"212",2019,4,2019-01-21,2394,104931,104931,0.0228149927094948,212,7.78072088611792
"213",2019,5,2019-01-28,2409,100934,100934,0.0238670814591713,213,7.78696700261487
"214",2019,6,2019-02-04,2648,124754,124754,0.0212257723199256,214,7.8815599170569
"215",2019,7,2019-02-11,2917,122134,122134,0.0238836032554407,215,7.97831096986772
"216",2019,8,2019-02-18,3435,126114,126114,0.0272372615252866,216,8.14177220465645
"217",2019,9,2019-02-25,3673,127879,127879,0.0287224642044433,217,8.20876404581967
"218",2019,10,2019-03-04,3994,127046,127046,0.0314374321112038,218,8.29254851397576
"219",2019,11,2019-03-11,4360,127301,127301,0.0342495345676782,219,8.38022733634308
"220",2019,12,2019-03-18,3909,121980,121980,0.0320462370880472,220,8.27103686579295
"221",2019,13,2019-03-25,3017,117046,117046,0.0257761905575586,221,8.01201823915906
"222",2019,14,2019-04-01,2611,121210,121210,0.021541126969722,222,7.86748856869913
"223",2019,15,2019-04-08,2025,112419,112419,0.0180129693379233,223,7.61332497954064
"224",2019,16,2019-04-15,1872,118137,118137,0.0158460092942939,224,7.53476265703754
"225",2019,17,2019-04-22,1428,111493,111493,0.0128079789762586,225,7.26403014289953
"226",2019,18,2019-04-29,1364,110327,110327,0.0123632474371641,226,7.21817683840341
"227",2019,19,2019-05-06,1224,114335,114335,0.0107053833034504,227,7.10987946307227
"228",2019,20,2019-05-13,1224,107783,107783,0.0113561507844465,228,7.10987946307227
"229",2019,21,2019-05-20,994,100806,100806,0.0098605241751483,229,6.90173720665657
"230",2019,22,2019-05-27,871,87752,87752,0.00992569969915216,230,6.7696419768525
"231",2019,23,2019-06-03,808,92590,92590,0.00872664434604169,231,6.69456205852109
"232",2019,24,2019-06-10,758,97273,97273,0.00779250151635089,232,6.63068338564237
"233",2019,25,2019-06-17,639,95851,95851,0.00666659711427111,233,6.45990445437753
"234",2019,26,2019-06-24,618,85432,85432,0.00723382339170334,234,6.42648845745769
"235",2019,27,2019-07-01,546,80387,80387,0.00679214300819784,235,6.30261897574491
"236",2019,28,2019-07-08,545,94517,94517,0.00576615846884687,236,6.30078579466324
"237",2019,29,2019-07-15,529,93728,93728,0.00564399112325026,237,6.2709884318583
"238",2019,30,2019-07-22,520,89407,89407,0.00581609941056069,238,6.25382881157547
"239",2019,31,2019-07-29,471,86880,86880,0.00542127071823204,239,6.15485809401642
"240",2019,32,2019-08-05,466,86591,86591,0.00538162164659145,240,6.14418563412565
"241",2019,33,2019-08-12,459,88570,88570,0.00518234165067178,241,6.12905021006055
"242",2019,34,2019-08-19,421,88017,88017,0.00478316688821478,242,6.04263283368238
"243",2019,35,2019-08-26,540,93720,93720,0.0057618437900128,243,6.29156913955832
"244",2019,36,2019-09-02,713,88884,88884,0.00802169119301562,244,6.5694814204143
"245",2019,37,2019-09-09,1063,103048,103048,0.0103155810884248,245,6.96885037834195
"246",2019,38,2019-09-16,1098,107892,107892,0.0101768435101768,246,7.00124562206948
"247",2019,39,2019-09-23,1102,97783,97783,0.0112698526328707,247,7.00488198971286
"248",2019,40,2019-09-30,1912,161636,161636,0.0118290479843599,248,7.55590509361135
"249",2019,41,2019-10-07,2131,154958,154958,0.0137521134759096,249,7.66434663209862
"250",2019,42,2019-10-14,2310,159316,159316,0.014499485299656,250,7.74500280351584
"251",2019,43,2019-10-21,2586,169950,169950,0.015216240070609,251,7.8578675593318
"252",2019,44,2019-10-28,2566,165714,165714,0.0154845094560508,252,7.85010354517558
"253",2019,45,2019-11-04,2721,169681,169681,0.0160359733853525,253,7.90875473878325
"254",2019,46,2019-11-11,2707,163563,163563,0.0165501977831172,254,7.9035962896143
"255",2019,47,2019-11-18,3002,168826,168826,0.0177816213142525,255,8.00703401219341
"256",2019,48,2019-11-25,3082,146108,146108,0.0210939852711693,256,8.03333401588006
"257",2019,49,2019-12-02,3842,174791,174791,0.0219805367553249,257,8.2537483433285
"258",2019,50,2019-12-09,4254,164593,164593,0.0258455705892717,258,8.35561499576018
"259",2019,51,2019-12-16,5248,153355,153355,0.0342212513449187,259,8.56560233062392
"260",2019,52,2019-12-23,6666,133022,133022,0.0501120115469622,260,8.80477525886769
"261",2020,1,2019-12-30,6370,155375,155375,0.0409975864843121,261,8.75935474856621
"262",2020,2,2020-01-06,5880,168702,168702,0.0348543585731052,262,8.67931204089267
"263",2020,3,2020-01-13,6037,167746,167746,0.035988935652713,263,8.70566247879643
"264",2020,4,2020-01-20,7832,170810,170810,0.0458521163866284,264,8.96597318421035
"265",2020,5,2020-01-27,10136,179503,179503,0.0564670228352729,265,9.22384872200097
"266",2020,6,2020-02-03,11030,180071,180071,0.0612536166289963,266,9.30837411224755
"267",2020,7,2020-02-10,9740,171069,171069,0.0569360901156843,267,9.18399639663658
"268",2020,8,2020-02-17,9082,172047,172047,0.052787900980546,268,9.1140497116579
"269",2020,9,2020-02-24,8142,167693,167693,0.0485530105609656,269,9.00479112906292
"270",2020,10,2020-03-02,8156,172503,172503,0.0472803371535567,270,9.00650913169435
"271",2020,11,2020-03-09,8269,153231,153231,0.0539642761582186,271,9.02026886172217
"272",2020,12,2020-03-16,6726,111660,111660,0.0602364320257926,272,8.81373589230022
"273",2020,13,2020-03-23,3594,82297,82297,0.0436710937215208,273,8.1870210673435
"274",2020,14,2020-03-30,2406,73515,73515,0.0327280146908794,274,7.78572089653462
"275",2020,15,2020-04-06,1929,78860,78860,0.0244610702510779,275,7.56475701290573
"276",2020,16,2020-04-13,1658,80783,80783,0.0205241201737989,276,7.41336733569524
"277",2020,17,2020-04-20,1679,90504,90504,0.0185516662246973,277,7.42595365707754
"278",2020,18,2020-04-27,1550,93792,93792,0.0165259297168202,278,7.34601020991329
"279",2020,19,2020-05-04,1427,94206,94206,0.0151476551387385,279,7.26332961747684
"280",2020,20,2020-05-11,1367,97413,97413,0.0140330346052375,280,7.22037383672395
"281",2020,21,2020-05-18,1258,100618,100618,0.012502733109384,281,7.13727843726039
"282",2020,22,2020-05-25,737,107428,107428,0.00686040883196187,282,6.60258789218934
"283",2020,23,2020-06-01,616,110411,110411,0.00557915425093514,283,6.42324696353352
"284",2020,24,2020-06-08,582,113026,113026,0.00514925769292021,284,6.36647044773144
"285",2020,25,2020-06-15,509,116870,116870,0.00435526653546676,285,6.23244801655052
"286",2020,26,2020-06-22,663,106888,106888,0.00620275428485892,286,6.49677499018586
"287",2020,27,2020-06-29,658,110711,110711,0.00594340219129084,287,6.48920493132532
"288",2020,28,2020-07-06,812,118999,118999,0.00682358675282986,288,6.69950034016168
"289",2020,29,2020-07-13,832,115809,115809,0.00718424302083603,289,6.72383244082121
"290",2020,30,2020-07-20,853,115416,115416,0.00739065640812366,290,6.74875954749168
"291",2020,31,2020-07-27,899,115256,115256,0.00780002776428125,291,6.80128303447162
"292",2020,32,2020-08-03,931,113633,113633,0.00819304251405842,292,6.83625927727707
"293",2020,33,2020-08-10,784,114694,114694,0.00683557989083997,293,6.66440902035041
"294",2020,34,2020-08-17,885,117499,117499,0.00753197899556592,294,6.78558764500793
"295",2020,35,2020-08-24,841,119904,119904,0.00701394448892447,295,6.73459165997295
"296",2020,36,2020-08-31,669,113611,113611,0.00588851431639542,296,6.50578406012823
"297",2020,37,2020-09-07,720,112247,112247,0.00641442532985291,297,6.5792512120101
"298",2020,38,2020-09-14,793,117258,117258,0.00676286479387334,298,6.67582322163485
"299",2020,39,2020-09-21,946,125722,125722,0.00752453826696998,299,6.85224256905188
"300",2020,40,2020-09-28,1610,194431,194431,0.00828057254244436,300,7.38398945797851
"301",2020,41,2020-10-05,1911,200489,200489,0.00953169500571104,301,7.55538194424027
"302",2020,42,2020-10-12,1730,192399,192399,0.00899173072625118,302,7.45587668749182
"303",2020,43,2020-10-19,1793,183669,183669,0.00976212643396545,303,7.49164547360513
"304",2020,44,2020-10-26,2148,205725,205725,0.0104411228581845,304,7.67229245562876
"305",2020,45,2020-11-02,2576,216156,216156,0.0119173189733341,305,7.85399308722424
"306",2020,46,2020-11-09,2716,217933,217933,0.012462545828305,306,7.90691548867859
"307",2020,47,2020-11-16,2430,203740,203740,0.0119269657406498,307,7.79564653633459
"308",2020,48,2020-11-23,1903,174254,174254,0.0109208396937803,308,7.55118686729615
"309",2020,49,2020-11-30,1734,191448,191448,0.00905728970791024,309,7.45818615734049
"310",2020,50,2020-12-07,1679,195135,195135,0.00860429958746509,310,7.42595365707754
"311",2020,51,2020-12-14,1396,183477,183477,0.00760858309215869,311,7.24136628332232
"312",2020,52,2020-12-21,1175,154299,154299,0.00761508499731042,312,7.06902342657826
"313",2020,53,2020-12-28,1271,169126,169126,0.00751510707992857,313,7.14755927118945
"314",2021,1,2021-01-04,1454,196530,196530,0.0073983615732967,313,7.28207365809346
"315",2021,2,2021-01-11,1284,191530,191530,0.00670391061452514,314,7.15773548424991
"316",2021,3,2021-01-18,1170,191220,191220,0.00611860684028867,315,7.0647590277918
"317",2021,4,2021-01-25,1117,188478,188478,0.00592642112076741,316,7.0184017990692
"318",2021,5,2021-02-01,1093,190616,190616,0.00573404121374911,317,6.99668148817654
"319",2021,6,2021-02-08,990,193683,193683,0.00511144499000945,318,6.89770494312864
"320",2021,7,2021-02-15,914,181601,181601,0.00503301193275367,319,6.81783057145415
"321",2021,8,2021-02-22,1013,208061,208061,0.00486876444888759,320,6.92067150424868
"322",2021,9,2021-03-01,975,202355,202355,0.00481826493044402,321,6.88243747099785
"323",2021,10,2021-03-08,949,201460,201460,0.00471061252854165,322,6.85540879860993
"324",2021,11,2021-03-15,1099,200106,200106,0.00549208919272785,323,7.00215595440362
"325",2021,12,2021-03-22,1213,208611,208611,0.0058146502341679,324,7.10085190894405
"326",2021,13,2021-03-29,1209,204158,204158,0.0059218840309956,325,7.09754885061479
"327",2021,14,2021-04-05,1496,215575,215575,0.00693958019250841,326,7.31055015853442
"328",2021,15,2021-04-12,1482,223058,223058,0.00664401187135185,327,7.30114780585603
"329",2021,16,2021-04-19,1490,206555,206555,0.00721357507685604,328,7.30653139893951
"330",2021,17,2021-04-26,1558,207876,207876,0.00749485270064846,329,7.35115822643069
"331",2021,18,2021-05-03,1486,207979,207979,0.00714495213459051,330,7.3038432252777
"332",2021,19,2021-05-10,1598,203497,203497,0.0078526956171344,331,7.37650812632622
"333",2021,20,2021-05-17,1645,210098,210098,0.00782967948290798,332,7.40549566319947
"334",2021,21,2021-05-24,1383,202234,202234,0.00683861269618363,333,7.23201033166476
"335",2021,22,2021-05-31,1504,191484,191484,0.00785444214660233,334,7.31588350450979
"336",2021,23,2021-06-07,1576,207828,207828,0.00758319379486883,335,7.36264527041782
"337",2021,24,2021-06-14,1474,194794,194794,0.00756696818177151,336,7.29573507274928
"338",2021,25,2021-06-21,1495,192824,192824,0.00775318425092312,337,7.30988148582479
"339",2021,26,2021-06-28,1376,190701,190701,0.0072154839250974,338,7.22693601849329
"340",2021,27,2021-07-05,1469,184856,184856,0.00794672610031592,339,7.29233717617388
"341",2021,28,2021-07-12,1659,199351,199351,0.00832200490591971,340,7.41397029019044
"342",2021,29,2021-07-19,1859,200406,200406,0.00927616937616638,341,7.52779398772144
"343",2021,30,2021-07-26,2036,205022,205022,0.00993064158968306,342,7.61874237767041
"344",2021,31,2021-08-02,2285,203874,203874,0.0112079029204312,343,7.7341213033283
"345",2021,32,2021-08-09,2456,205908,205908,0.0119276570118694,344,7.80628928926703
"346",2021,33,2021-08-16,2751,204502,204502,0.0134521911766144,345,7.91971976092457
"347",2021,34,2021-08-23,3178,217232,217232,0.0146295205126317,346,8.06400734709666
"348",2021,35,2021-08-30,2964,216846,216846,0.0136686865333001,347,7.99429498641598
"349",2021,36,2021-09-06,3010,206301,206301,0.0145903316028521,348,8.00969535774292
"350",2021,37,2021-09-13,3091,216265,216265,0.0142926502207939,349,8.03624994213212
"351",2021,38,2021-09-20,2736,197410,197410,0.0138594802694899,350,7.91425227874244
"352",2021,39,2021-09-27,2639,201424,201424,0.0131017157836206,351,7.87815533650332
"353",2021,40,2021-10-04,6301,329038,329038,0.0191497638570621,352,8.74846362994206
"354",2021,41,2021-10-11,5879,326034,326034,0.0180318617076747,353,8.67914195840225
"355",2021,42,2021-10-18,5596,318463,318463,0.0175719000323428,354,8.62980733578537
"356",2021,43,2021-10-25,5666,316609,316609,0.017895890514799,355,8.64223868039046
"357",2021,44,2021-11-01,6210,306737,306737,0.0202453567714361,356,8.73391617492752
"358",2021,45,2021-11-08,6959,324497,324497,0.0214454987257201,357,8.84779106484485
"359",2021,46,2021-11-15,7094,322659,322659,0.0219860595861265,358,8.86700463533357
"360",2021,47,2021-11-22,6579,279646,279646,0.0235261723750742,359,8.791638037086
"361",2021,48,2021-11-29,7793,335709,335709,0.0232135569794078,360,8.96098117384356
"362",2021,49,2021-12-06,7948,318650,318650,0.02494272713008,361,8.98067560367171
"363",2021,50,2021-12-13,8882,314042,314042,0.0282828411486362,362,9.09178203585205
"364",2021,51,2021-12-20,9865,290349,290349,0.0339763525963582,363,9.19674841845672
"365",2021,52,2021-12-27,11653,319569,319569,0.0364647384445926,364,9.36331893657326
"366",2022,1,2022-01-03,9458,315811,315811,0.029948291858105,365,9.15461622320382
"367",2022,2,2022-01-10,7190,304454,304454,0.0236160470875732,366,8.88044645071509
"368",2022,3,2022-01-17,5344,281445,281445,0.0189877240668692,367,8.58372971521648
"369",2022,4,2022-01-24,3944,267542,267542,0.0147416106629987,368,8.27995071572253
"370",2022,5,2022-01-31,2814,241902,241902,0.0116328099809014,369,7.94236223767433
"371",2022,6,2022-02-07,2812,279103,279103,0.0100751335528461,370,7.94165125293056
"372",2022,7,2022-02-14,3023,272510,272510,0.0110931708928113,371,8.01400499477946
"373",2022,8,2022-02-21,2852,258707,258707,0.0110240542389653,372,7.95577578153419
"374",2022,9,2022-02-28,3671,290058,290058,0.0126560894717608,373,8.20821938349683
"375",2022,10,2022-03-07,4068,287343,287343,0.014157296332258,374,8.31090675716845
"376",2022,11,2022-03-14,5030,300893,300893,0.0167169060097776,375,8.52317526309379
"377",2022,12,2022-03-21,4973,292254,292254,0.0170160203110993,376,8.51177855871474
"378",2022,13,2022-03-28,5158,290868,290868,0.0177331298045849,377,8.54830418644129
"379",2022,14,2022-04-04,5605,299577,299577,0.0187097140301158,378,8.63141433550626
"380",2022,15,2022-04-11,5497,297508,297508,0.0184768140688654,379,8.61195776786066
"381",2022,16,2022-04-18,5729,298852,298852,0.0191700239583473,380,8.65329627440858
"382",2022,17,2022-04-25,5839,307964,307964,0.0189600083126599,381,8.67231482828354
"383",2022,18,2022-05-02,5921,305165,305165,0.0194026182556977,382,8.68626063253178
"384",2022,19,2022-05-09,6240,314590,314590,0.0198353412378016,383,8.73873546136347
"385",2022,20,2022-05-16,5643,326452,326452,0.0172858490681632,384,8.63817111796914
"386",2022,21,2022-05-23,4824,296708,296708,0.0162584089407768,385,8.48135873840702
"387",2022,22,2022-05-30,4618,297856,297856,0.0155041362269016,386,8.43771698991444
"388",2022,23,2022-06-06,4000,300556,300556,0.0133086679354263,387,8.29404964010203
"389",2022,24,2022-06-13,3343,301998,301998,0.0110696097325148,388,8.1146238864201
"390",2022,25,2022-06-20,3223,303660,303660,0.0106138444312718,389,8.07806788181544
"391",2022,26,2022-06-27,3176,300270,300270,0.0105771472341559,390,8.06337782236703
"392",2022,27,2022-07-04,3149,295651,295651,0.0106510717027847,391,8.05484022110102
"393",2022,28,2022-07-11,3231,308460,308460,0.0104746158334954,392,8.0805469658245
"394",2022,29,2022-07-18,3324,310199,310199,0.0107157018559054,393,8.10892415597534
"395",2022,30,2022-07-25,3367,305002,305002,0.0110392718736271,394,8.12177741916107
"396",2022,31,2022-08-01,3351,303999,303999,0.0110230625758637,395,8.11701408773731
"397",2022,32,2022-08-08,2905,258794,258794,0.0112251443232842,396,7.97418866928601
"398",2022,33,2022-08-15,3504,304038,304038,0.0115248751800762,397,8.16166045205628
"399",2022,34,2022-08-22,3844,314643,314643,0.0122170205598091,398,8.25426877009018
"400",2022,35,2022-08-29,4053,305991,305991,0.0132454876123808,399,8.30721262662831
"401",2022,36,2022-09-05,4506,308796,308796,0.0145921579295069,400,8.41316512099219
"402",2022,37,2022-09-12,4502,315252,315252,0.0142806389808788,401,8.41227702146668
"403",2022,38,2022-09-19,4997,316040,316040,0.0158112897101633,402,8.51659301134421
"404",2022,39,2022-09-26,5290,316791,316791,0.0166987067183095,403,8.57357352485234
"405",2022,40,2022-10-03,5951,299102,299102,0.0198962226932618,404,8.69131455164485
"406",2022,41,2022-10-10,7090,327249,327249,0.0216654596347124,405,8.86644061952617
"407",2022,42,2022-10-17,7338,289494,289494,0.0253476755994943,406,8.90082160491523
"408",2022,43,2022-10-24,9418,341903,341903,0.0275458244004879,407,9.1503780308035
"409",2022,44,2022-10-31,11568,341518,341518,0.0338722995566852,408,9.35599794439855
"410",2022,45,2022-11-07,12506,344046,344046,0.036349790435,409,9.43396380812724
"411",2022,46,2022-11-14,13305,324198,324198,0.0410397349767735,410,9.49589518341179
"412",2022,47,2022-11-21,17713,312736,312736,0.0566388263583342,411,9.7820541122526
"413",2022,48,2022-11-28,20417,358194,358194,0.056999838076573,412,9.9241231661362
"414",2022,49,2022-12-05,19611,346342,346342,0.0566232221330361,413,9.88384591228084
"415",2022,50,2022-12-12,18666,328635,328635,0.0567985759277009,414,9.83445896612569
"416",2022,51,2022-12-19,13896,280516,280516,0.0495372812958976,415,9.53935630792094
"417",2022,52,2022-12-26,11314,286088,286088,0.0395472721680043,416,9.3337961759031
"418",2023,1,2023-01-02,7778,296793,296793,0.0262068175462359,417,8.95905451471569
"419",2023,2,2023-01-09,5251,285057,285057,0.0184208772280632,418,8.56617381363786
"420",2023,3,2023-01-16,4504,280635,280635,0.0160493167281344,419,8.41272116981953
"421",2023,4,2023-01-23,4654,289137,289137,0.0160961758612699,420,8.44548234386224
"422",2023,5,2023-01-30,4665,290760,290760,0.0160441601320677,421,8.44784311328144
"423",2023,6,2023-02-06,5156,306579,306579,0.0168178511900685,422,8.54791636405908
"424",2023,7,2023-02-13,5155,301896,301896,0.0170754166997907,423,8.54772239645106
"425",2023,8,2023-02-20,5424,301282,301282,0.018003066894139,424,8.59858882962023
"426",2023,9,2023-02-27,5417,309420,309420,0.0175069484842609,425,8.5972974356579
"427",2023,10,2023-03-06,5256,306941,306941,0.0171238120681173,426,8.56712556016445
"428",2023,11,2023-03-13,5621,307636,307636,0.0182715937016474,427,8.63426486300208
"429",2023,12,2023-03-20,5552,314279,314279,0.0176658319518644,428,8.62191350218664
"430",2023,13,2023-03-27,4963,305196,305196,0.0162616810180998,429,8.50976567558744
"431",2023,14,2023-04-03,4349,298703,298703,0.014559612725684,430,8.37770121259764
"432",2023,15,2023-04-10,4035,312573,312573,0.0129089844612299,431,8.30276158070405
"433",2023,16,2023-04-17,3864,309230,309230,0.012495553471526,432,8.25945819533241
"434",2023,17,2023-04-24,3809,306571,306571,0.0124245280864792,433,8.2451219664786
"435",2023,18,2023-05-01,3909,311745,311745,0.0125390944521965,434,8.27103686579295
"436",2023,19,2023-05-08,3719,314215,314215,0.0118358448832806,435,8.22121009392507
"437",2023,20,2023-05-15,2880,248201,248201,0.0116034987772007,436,7.96554557312999
"438",2023,21,2023-05-22,3373,303790,303790,0.0111030646170052,437,8.12355783506165
"439",2023,22,2023-05-29,3202,288075,288075,0.0111151609823831,438,8.07153089355666
"440",2023,23,2023-06-05,2715,303404,303404,0.00894846475326627,439,7.90654723236804
"441",2023,24,2023-06-12,2363,292687,292687,0.0080734709775289,440,7.76768727718691
"442",2023,25,2023-06-19,2187,297290,297290,0.00735645329476269,441,7.69028602067677
"443",2023,26,2023-06-26,1878,291714,291714,0.00643781237787696,442,7.53796265976821
"444",2023,27,2023-07-03,1787,282850,282850,0.0063178363089977,443,7.48829351515943
"445",2023,28,2023-07-10,1719,297078,297078,0.00578635913800416,444,7.44949800538285
"446",2023,29,2023-07-17,1761,294412,294412,0.00598141380106789,445,7.47363710849621
"447",2023,30,2023-07-24,1721,296779,296779,0.00579892782171245,446,7.45066079621154
"448",2023,31,2023-07-31,1888,298714,298714,0.00632042689663022,447,7.54327334670545
"449",2023,32,2023-08-07,1992,303387,303387,0.00656587131287761,448,7.59689443814454
"450",2023,33,2023-08-14,2122,296498,296498,0.00715687795533191,449,7.66011431917393
"451",2023,34,2023-08-21,2662,304015,304015,0.00875614690064635,450,7.88683299895506
"452",2023,35,2023-08-28,3153,310471,310471,0.0101555378763234,451,8.05610965954506
"453",2023,36,2023-09-04,3436,305936,305936,0.0112311071596674,452,8.14206328310415
"454",2023,37,2023-09-11,3647,315078,315078,0.0115749116091888,453,8.20166019080868
"455",2023,38,2023-09-18,4104,311337,311337,0.0131818576012488,454,8.31971738685061
"456",2023,39,2023-09-25,4126,317007,317007,0.0130154854624661,455,8.3250636936312
"457",2023,40,2023-10-02,5127,401689,401689,0.0127636056750372,456,8.5422759717837
"458",2023,41,2023-10-09,5340,387855,387855,0.0137680318675794,457,8.58298093195424
"459",2023,42,2023-10-16,5439,379607,379607,0.0143279760383765,458,8.60135049942296
"460",2023,43,2023-10-23,5886,386246,386246,0.0152389927662681,459,8.68033192879342
"461",2023,44,2023-10-30,6116,391121,391121,0.015637104630025,460,8.71866356704895
"462",2023,45,2023-11-06,7222,407357,407357,0.0177289208237492,461,8.8848872018374
"463",2023,46,2023-11-13,8440,417964,417964,0.0201931266807668,462,9.04073758759
"464",2023,47,2023-11-20,8275,365457,365457,0.0226428827468074,463,9.02099420024526
"465",2023,48,2023-11-27,10447,423973,423973,0.024640720045852,464,9.25407013483751
"466",2023,49,2023-12-04,10947,420722,420722,0.026019556857022,465,9.30082072510456
"467",2023,50,2023-12-11,12722,414492,414492,0.0306929928683786,466,9.45108805723875
"468",2023,51,2023-12-18,14473,393939,393939,0.0367391905853444,467,9.58004012363761
"469",2023,52,2023-12-25,16604,362173,362173,0.0458454937281354,468,9.71739890917293
"470",2024,1,2024-01-01,14312,386961,386961,0.0369856393796791,469,9.56885362518856
"471",2024,2,2024-01-08,11664,379991,379991,0.030695463839933,470,9.36426245424844
"472",2024,3,2024-01-15,9785,342446,342446,0.0285738481395607,471,9.18860587983018
"473",2024,4,2024-01-22,11429,377630,377630,0.0302650742790562,472,9.3439092638976
"474",2024,5,2024-01-29,13019,384879,384879,0.0338262155118881,473,9.4741651078974
"475",2024,6,2024-02-05,16110,397580,397580,0.0405201468886765,474,9.68719547617102
"476",2024,7,2024-02-12,16863,384991,384991,0.0438010239200397,475,9.73287715167018
"477",2024,8,2024-02-19,18059,387529,387529,0.0466003834551737,476,9.80139945445234
"478",2024,9,2024-02-26,18300,399077,399077,0.0458558122868519,477,9.81465633882951
"479",2024,10,2024-03-04,16477,388727,388727,0.0423870737046822,478,9.70972074805743
"480",2024,11,2024-03-11,14164,395829,395829,0.035783128573197,479,9.55845881323179
"481",2024,12,2024-03-18,12267,388164,388164,0.0316026215723251,480,9.41466800903275
"482",2024,13,2024-03-25,11544,376025,376025,0.0307000864304235,481,9.35392110045371
"483",2024,14,2024-04-01,9899,378939,378939,0.0261229379926584,482,9.20018902091981
"484",2024,15,2024-04-08,8238,386291,386291,0.0213258916205658,483,9.01651287499603
"485",2024,16,2024-04-15,6649,390838,390838,0.0170121636074281,484,8.80222174640246
"486",2024,17,2024-04-22,6169,379676,379676,0.0162480641388974,485,8.72729202920964
"487",2024,18,2024-04-29,5698,388715,388715,0.0146585544679264,486,8.64787051505785
"488",2024,19,2024-05-06,4658,368999,368999,0.012623340442657,487,8.44634145044429
"489",2024,20,2024-05-13,4153,356753,356753,0.0116411074328737,488,8.33158624363075
"490",2024,21,2024-05-20,3826,360623,360623,0.0106094175912241,489,8.2495751500002
"491",2024,22,2024-05-27,3520,334737,334737,0.0105157183101958,490,8.16621626859214
"492",2024,23,2024-06-03,3116,354477,354477,0.00879041517503251,491,8.04430540699064
"493",2024,24,2024-06-10,2823,350420,350420,0.00805604702927915,492,7.94555542825349
"494",2024,25,2024-06-17,2510,351020,351020,0.00715058970998804,493,7.82803803212583
"495",2024,26,2024-06-24,2619,359907,359907,0.00727687986063066,494,7.87054784450771
"496",2024,27,2024-07-01,2517,350204,350204,0.00718723943758495,495,7.83082299513532
"497",2024,28,2024-07-08,2640,378835,378835,0.00696873308960365,496,7.87853419614036
"498",2024,29,2024-07-15,2578,368531,368531,0.00699534096181868,497,7.85476918349913
"499",2024,30,2024-07-22,2562,341638,341638,0.00749916578366575,498,7.84854348245668
"500",2024,31,2024-07-29,2800,359738,359738,0.00778344239418688,499,7.9373746961633
"501",2024,32,2024-08-05,2864,356627,356627,0.008030799687068,500,7.95997452808054
"502",2024,33,2024-08-12,3167,359191,359191,0.00881703606159397,501,8.06054004653864
"503",2024,34,2024-08-19,3763,363710,363710,0.010346154903632,502,8.23297179059344
"504",2024,35,2024-08-26,4006,378571,378571,0.0105818987719609,503,8.29554851622576
"505",2024,36,2024-09-02,4173,358010,358010,0.0116560989916483,504,8.33639048059155
"506",2024,37,2024-09-09,4768,392300,392300,0.0121539638032118,505,8.46968220874519
"507",2024,38,2024-09-16,5067,408328,408328,0.0124091416704218,506,8.53050420547591
"508",2024,39,2024-09-23,4845,396291,396291,0.0122258643269718,507,8.48570252432487
"509",2024,40,2024-09-30,5464,423368,423368,0.0129060297424463,508,8.60593640125063
"510",2024,41,2024-10-07,6164,424646,424646,0.0145156200694225,509,8.72648119644001
"511",2024,42,2024-10-14,6601,407252,407252,0.0162086374038679,510,8.79497643168877
"512",2024,43,2024-10-21,7176,434735,434735,0.0165066074735183,511,8.87849740373863
"513",2024,44,2024-10-28,7172,421129,421129,0.0170304111091851,512,8.87793983472502
"514",2024,45,2024-11-04,7081,422297,422297,0.0167678198045451,513,8.86517041965177
"515",2024,46,2024-11-11,7393,422614,422614,0.0174935047111549,514,8.9082888855571
"516",2024,47,2024-11-18,8195,435561,435561,0.0188148158352102,515,9.01127949117793
"517",2024,48,2024-11-25,7622,371163,371163,0.0205354520790057,516,8.93879408143381
"518",2024,49,2024-12-02,9080,420354,420354,0.0216008411957541,517,9.11382947159534
"519",2024,50,2024-12-09,10242,422177,422177,0.02425996679118,518,9.2342521920225
"520",2024,51,2024-12-16,13023,424381,424381,0.0306870477236257,519,9.4744723039677
"521",2024,52,2024-12-23,19162,398147,398147,0.048127952741073,520,9.86068443021082
"522",2025,1,2024-12-30,19189,416376,416376,0.0460857494187945,521,9.86209247716974
"523",2025,2,2025-01-06,16016,414118,414118,0.0386749670383804,522,9.681343501555
"524",2025,3,2025-01-13,19916,417924,417924,0.0476545974866244,523,9.89927870776207
"525",2025,4,2025-01-20,25031,399301,399301,0.0626870456122073,524,10.1278703356853
"526",2025,5,2025-01-27,29716,442709,442709,0.0671230989205099,525,10.2994409002717
"527",2025,6,2025-02-03,35577,445511,445511,0.0798566140903367,526,10.4794546406329
"528",2025,7,2025-02-10,34960,424464,424464,0.0823626974254589,527,10.4619598297695
"529",2025,8,2025-02-17,28277,409703,409703,0.0690182888580264,528,10.2498040323466
"530",2025,9,2025-02-24,22029,411645,411645,0.0535145574463433,529,10.0001150461197
"531",2025,10,2025-03-03,18261,405552,405552,0.0450275180494733,530,9.81252291716203
"532",2025,11,2025-03-10,14706,400710,400710,0.0366998577524893,531,9.59601085275617
"533",2025,12,2025-03-17,11493,397272,397272,0.0289298012444874,532,9.34949343336876
"534",2025,13,2025-03-24,9078,383703,383703,0.0236589236987983,533,9.11360918301641
