...1,b1,b2,b3,mu_EI,mu_IR,rho,mu_RS,eta,N,k,loglik,loglik.se
35,4.892637130491,132.317852806549,0.00349808994941169,2.05623444314534,0.0210295551402584,0.673204596667331,0.005,0.0256833532341513,34530000,10,-1617.40193090806,0.0409401934344308
359,3.77372179748804,261.778014010646,0.00122725825928719,5.40556949015382,0.0144727000952459,0.820627271319314,0.005,0.0399762071653816,34530000,10,-1617.54876291119,0.0291132876425065
185,3.11725553207649,223.426834417494,0.00420183810925023,1.98598553593548,0.0266602712806455,0.448417167110442,0.005,0.0557255109000217,34530000,10,-1617.87695733093,0.01604444491505
11,5.30214570169283,70.205121693522,0.0488870763054984,0.0373079471093312,0.0229588418863812,0.369165321036817,0.005,0.549033178862973,34530000,10,-1618.23133717693,0.0347061827320051
393,1.558284218666,68.6557573187896,8.735252086764e-4,1.6934959978919,0.0415597107553008,0.208407306182398,0.005,0.161735733534622,34530000,10,-1618.55155101366,0.0258637017582036
397,5.09534667042263,168.702219205976,0.00674293659448544,3.23753366375615,0.0273996216279513,0.587694447662883,0.005,0.0186848998404899,34530000,10,-1618.60692449372,0.0316877837945075
351,2.38219409100104,41.7551535857844,0.00206028448010481,1.72485235387779,0.0315635039411948,0.316324704492704,0.005,0.0893210818952145,34530000,10,-1618.81156650447,0.0195318253054396
351,2.38219409100104,41.7551535857844,0.00206028448010481,1.72485235387779,0.0315635039411948,0.316324704492704,0.005,0.0893210818952145,34530000,10,-1618.81156650447,0.0195318253054396
270,1.43682072009254,47.2587539021362,0.0024322836600268,5.06487399295927,0.0370064061597263,0.227091972806337,0.005,0.152438875720936,34530000,10,-1618.95477501493,0.0339008537104397
197,7.3242868249799,638.716691922626,0.00926040307578186,0.612271063634757,0.0189975708973866,0.791731260667186,0.005,0.0195034808926627,34530000,10,-1619.05748021704,0.06312438434659
95,2.31969191257205,43.287190312864,0.00464781319446343,8.84585573030626,0.0157187716621085,0.621658829226339,0.005,0.0849116384908416,34530000,10,-1619.44118120522,0.0192431537037848
170,3.21679668074923,37.0394044949513,0.00220211720475238,2.30851939133139,0.0103852309795825,0.895127140624897,0.005,0.0589122312696329,34530000,10,-1619.57856062617,0.0598217188149421
346,2.57870838844239,167.444239790478,0.00814807090421965,4.38215007960611,0.011490189932758,0.781256513236841,0.005,0.0773079795128834,34530000,10,-1619.72881631014,0.047022348953387
230,1.908833737462,211.651756451391,0.00378377101853072,3.2934591660906,0.0189631040343088,0.427368416210626,0.005,0.11709739400181,34530000,10,-1620.36931685638,0.0223185175720637
313,2.80486155627592,67.2324991720343,0.0314297655325334,2.05417764166678,0.0160882607738862,0.603736419834828,0.005,0.0740869912366634,34530000,10,-1620.79133283104,0.0344103502707174
151,2.08529075896807,40.1964455719341,0.00703476174450952,1.9501543084053,0.0192367280224727,0.429359595721324,0.005,0.112643678531016,34530000,10,-1620.93299634134,0.0332404523567196
24,2.09786486375973,118.831271157574,0.00778632423644573,2.58955289313319,0.0158538930962849,0.496151148093826,0.005,0.110237888219993,34530000,10,-1621.34714713057,0.0349702385501719
189,1.80322591210382,39.6551930564231,0.0101168355167143,6.1221344171648,0.0118627575905085,0.615414035663958,0.005,0.127819314969139,34530000,10,-1622.03400076218,0.0429180058892619
117,1.7553232710484,270.957705872944,0.00442236698540285,3.00411599281417,0.00734831981556983,0.909942943951068,0.005,0.146042254563949,34530000,10,-1622.23345424991,0.0820454936311087
283,1.3004025179832,72.1224055175261,0.0044220451397352,4.21326990304284,0.0271688765872744,0.25905283044031,0.005,0.189750492349776,34530000,10,-1622.30775744651,0.0316380337921237
199,1.335604443886,208.397353567862,0.00213199763390259,3.50680783492942,0.0256276282717012,0.280126755847059,0.005,0.18333136181281,34530000,10,-1622.70659716668,0.0330995152674637
276,1.54897552337142,30.4792644947929,0.0112024747702797,8.79688900371783,0.00969405670548384,0.681378000474784,0.005,0.155141338085521,34530000,10,-1623.16275950762,0.0561085238916815
180,3.94539692184314,641.040320809812,0.106085429096301,4.05476604932949,0.0220455151077169,0.621136283448311,0.005,0.0327141667306046,34530000,10,-1623.67531355693,0.0458244674367318
271,2.41238935107099,128.475213765752,0.0655600798237029,1.9061758662606,0.0131016046243637,0.617426244404607,0.005,0.0945312979534724,34530000,10,-1624.53077278982,0.0474268977592599
392,1.12594327908738,39.1236542548491,8.161815422902e-4,4.8751269673136,0.0206224891504617,0.29919283496254,0.005,0.229531647238327,34530000,10,-1625.06222825605,0.0317398098361473
223,1.22954118525985,798.269921522195,0.00415992682406846,3.16530598917053,0.00971982457962134,0.558849478704409,0.005,0.227583670195277,34530000,10,-1626.31667447691,0.0543304968799433
328,1.75154587440884,19.9431755653671,0.0437784482690082,3.49207006826433,0.00754020838140249,0.860305278251757,0.005,0.149099282402908,34530000,10,-1626.51146057773,0.0445729288899085
400,1.6150158232129601,16.8146408594051,0.0034791529127849,1.01573519161069,0.00909820828916168,0.632290832674197,0.005,0.202494077047615,34530000,10,-1626.95066332549,0.0404977956575072
17,1.09187380961245,11.1248110987017,0.00620001033675695,2.83464047516535,0.011079805099451,0.478912395223743,0.005,0.267645532858448,34530000,10,-1628.41983779167,0.0513738277340521
50,1.3568883216277,13.6900289040585,0.039704548904401,2.01667843713863,0.010934144070259,0.572579966694423,0.005,0.217390005005161,34530000,10,-1628.76192617039,0.0560222173323056
205,0.926035884019552,34.751473052654,0.0093479920682292,3.95699948971209,0.0187531721541319,0.304882659283903,0.005,0.309648079721445,34530000,10,-1629.63459500672,0.0282888859629798
61,1.05318227082482,13.6944121981612,0.0347531212192091,6.36343744368246,0.0123183531933752,0.442612551236885,0.005,0.258724759093361,34530000,10,-1629.82136034598,0.0402344324601177
341,0.847471791828577,3.4855127095064,0.00563583031426848,6.9621288480945,0.00617666676695932,0.707745414801031,0.005,0.346508559029999,34530000,10,-1629.82910057455,0.0959326664013419
128,1.1810947631377,9.26222681079983,0.042934621090069,3.0640851594541,0.0141445486365271,0.41809107130552,0.005,0.231756260726885,34530000,10,-1630.43148734665,0.0492459160835902
361,1.6278522788119,68.0093836010761,9.57696098745832,1.74741766792302,0.353837101124407,0.0691571508426138,0.005,0.298093786867426,34530000,10,-1630.62605463636,0.00741858689251662
40,0.83129014407954,6597.49086330777,0.00289709316950646,4.24861440460197,0.0160404308553908,0.303950425233062,0.005,0.356092656668943,34530000,10,-1630.91514171914,0.0472153091230383
327,1.06323647612041,187.895684007348,0.0129146842780028,1.47538974607169,0.00610973949219469,0.710254664602919,0.005,0.318397270126458,34530000,10,-1631.21980769455,0.0881488221585282
144,1.60975604501001,15.4104874361082,6.56934904193133,4.15904087810946,0.339469574893814,0.0685996999731619,0.005,0.257718589620979,34530000,10,-1632.47245653848,0.010153003397585
103,0.780233868408247,202.101238825169,0.0418902902755195,6.77698996550864,0.00678613373800008,0.698393617555718,0.005,0.388253293272579,34530000,10,-1632.48957543553,0.0405534655153893
76,1.69140707017952,35.8469005857508,7.82238972370614,1.83991862352534,0.357204139501494,0.0667375441707723,0.005,0.270377597917163,34530000,10,-1632.89538645601,0.0207449199848353
292,0.757461097356068,5.29393506721158,0.0330187503369558,3.88567095819379,0.0062614552783956,0.668608959328255,0.005,0.416516895173434,34530000,10,-1633.65674420969,0.0704383845999189
194,1.91278607285416,45.7714486155561,10.4634071713987,1.46577711317262,0.351682512210715,0.0744378407756536,0.005,0.23715464304463,34530000,10,-1633.85204945766,0.0199545237966289
255,0.68508148292712,513.366977943536,0.0035732771995131,5.67141498770014,0.00713982844702341,0.522639300436733,0.005,0.458554862053032,34530000,10,-1634.32390587651,0.047900502072064
273,1.58101127584605,347.892701588457,8.60899044788136,2.6957271807996,0.336600198477728,0.0737514987201704,0.005,0.276230202672463,34530000,10,-1634.33614741117,0.0155556994094253
250,0.550011126479901,2.79871404153384,0.00881935262914072,6.38053932166933,0.00557677420962173,0.682451474412842,0.005,0.589082839646228,34530000,10,-1636.35401140883,0.0842796832940677
124,1.71474400858177,1550.21484006352,10.2990645195999,3.10567800618336,0.324629436599551,0.0740347564884777,0.005,0.228179664829341,34530000,10,-1637.00106438456,0.0316082284364793
212,0.940564765130488,74.4395375656767,12.6497707863285,5.35303933809517,0.00514728748096436,0.910970934217395,0.005,0.31442334155282,34530000,10,-1637.10061124187,0.0827814895943856
22,1.20620496670958,24.0097324557653,17.1868926489214,4.27894590207031,0.0060192409459458,0.898859414186786,0.005,0.232057415578451,34530000,10,-1637.39446088315,0.0353857137168508
73,2.36458314021434,57.57822003845,13.8753507041389,1.46211680640394,0.371866817191466,0.0882940770971468,0.005,0.183684471267366,34530000,10,-1637.90859231465,0.00742311278756399
164,0.435634952219919,37.096149412322,8.014777988609e-4,4.47841562358198,0.0280518365828832,0.144823457095124,0.005,0.785635276826965,34530000,10,-1638.17376967219,0.0368022694728311
298,2.53394915736644,45.3492559563744,98.9973114838372,3.08464952228915,0.00881529609426661,0.924711801797226,0.005,0.0866628615179624,34530000,10,-1638.35072401609,0.0452705866934978
59,1.65475562445282,38.5547086144111,136.726422442329,2.12780406373299,0.00767134401309378,0.83008305340381106,0.005,0.168298064650099,34530000,10,-1638.48155027251,0.0431859302804894
234,2.32515489267419,14.1184005773881,185.233831483904,1.1268169358872,0.00778510783991113,0.907496828808473,0.005,0.122668086348257,34530000,10,-1638.83451916831,0.0445680910981042
161,1.75383030113159,35.8517542614273,158.548990456945,3.22006368674594,0.00835867227488139,0.797373039155718,0.005,0.145522932763397,34530000,10,-1638.91117354064,0.0623305813287668
315,0.638544094544655,6.89358450271955,0.0228240738876003,2.38032182288885,0.00872097682294697,0.496844423156023,0.005,0.535307814599025,34530000,10,-1638.96477339651,0.0561900258977325
30,0.938477241149732,15.2093999505859,103.301287010601,1.43189892331511,0.00575460241998261,0.847133000796036,0.005,0.379192084417416,34530000,10,-1639.06518281254,0.0573791523401143
389,0.670233851227627,41.1985941114991,673.273764485484,2.49674575829921,0.00451310919368155,0.858643255563106,0.005,0.517831092128363,34530000,10,-1639.22170893956,0.0674678016368826
96,1.37481476978717,15.3222753190813,6.0307575174186,2.10985050494607,0.00768384989285985,0.790671944311235,0.005,0.217618891817436,34530000,10,-1639.24901650998,0.0317448649319853
334,0.923141349071722,166.536495278408,7.91805543048955,2.83079736174212,0.00632859782025196,0.772986920882491,0.005,0.344774551348117,34530000,10,-1639.30256091578,0.0509148697382014
15,1.53789930101286,34.8572975820036,20.8111918339365,2.38649576284899,0.00809407275386602,0.754177116447728,0.005,0.179021856908618,34530000,10,-1639.43740347557,0.0431377077839994
88,0.735829213130634,19.1249804863915,29.9423356073861,4.751737077682,0.00572534547443956,0.773445869288567,0.005,0.426758386970235,34530000,10,-1639.44739743834,0.0709563798798323
239,1.04955992436842,11.1893889138588,21.4214110411973,1.51570786199341,0.0064072271645208,0.813440078204024,0.005,0.325602838028067,34530000,10,-1639.45566737957,0.0432252328962666
375,0.726580762115695,11.5582665403037,0.155133020966937,0.961494620033607,0.00487540888894422,0.833340946050765,0.005,0.574083539917682,34530000,10,-1639.53919777509,0.0933705900616852
385,2.51002430584654,27.4707285243706,35.9163583331103,0.953284120336763,0.00900791278612173,0.821623186155013,0.005,0.116328723427341,34530000,10,-1639.59346807942,0.0529023235531447
47,0.509580934860592,12.0924227018626,46.9917300318221,3.60631296224452,0.00374620732691338,0.892381318483743,0.005,0.679340805667757,34530000,10,-1639.64593907736,0.0928924825849865
135,1.2641013855816,28.6240603515475,22.6931685049583,1.94976085548124,0.00636855563169002,0.805371831812237,0.005,0.248373328597956,34530000,10,-1639.66769401643,0.0629875846322867
343,1.13482573611119,8.78071819611999,68.9989376401916,5.10058991313962,0.00716056412712778,0.747732592008908,0.005,0.245272884266708,34530000,10,-1639.71687198504,0.0613380534775162
193,1.07561721567956,97.7939692083226,41.7155670720152,2.87622704225845,0.00715184854290848,0.722407575952679,0.005,0.280374821011596,34530000,10,-1639.8407707882,0.0923057056446656
163,0.638774069956501,9.14681261722081,0.00190164073426365,2.10155554070856,0.0149037582681085,0.277641290306042,0.005,0.536724974780415,34530000,10,-1639.85609160866,0.159102373871705
335,1.26580259695435,67.0863309138122,1.52930481036127,5.59121808163409,0.00925629561422493,0.65277164308519,0.005,0.210531582418448,34530000,10,-1639.95428734949,0.0576524224640894
72,1.44266865853064,53.497482234481,32.4639072053382,3.56754334257627,0.00852911863706515,0.702856375750818,0.005,0.185077091389609,34530000,10,-1639.96906854554,0.0712321724750918
352,2.52035249789094,64.0611734490222,13.4457378843875,1.38145244100931,0.363173356446291,0.0915237904915527,0.005,0.16363771860876,34530000,10,-1639.99501853705,0.0132728280034936
356,0.518122562743574,31.634307469116,22.171490394751,11.236015712789,0.00524540663354193,0.736055826746048,0.005,0.620542615276872,34530000,10,-1640.02627440583,0.0920198886641044
289,0.788964210592827,11.4939960026546,12.7605235524666,7.55858238520357,0.00706424044789152,0.819136325746048,0.005,0.380897275270478,34530000,10,-1640.06298039546,0.0396780542809538
269,0.754882387521741,13.6302387419701,28.5107445991926,4.22563887400186,0.00558660902880176,0.750229838686427,0.005,0.420461808967003,34530000,10,-1640.13240229455,0.0659208560624085
219,0.542620899815546,14.4383158968789,445.152049906613,2.76935908936355,0.00341990883587664,0.921272285032787,0.005,0.661247989713864,34530000,10,-1640.17139226298,0.110172493254213
140,0.512805166032467,140.588322702288,74.0942402319077,2.49643784517045,0.00405883207661748,0.837536927971795,0.005,0.710727372958041,34530000,10,-1640.31677186655,0.22558686445701
214,9.3965047744429,49.6127093034534,1.05333613898327,0.127090548191407,0.0215506167037435,0.496296563071271,0.005,0.0677160577295869,34530000,10,-1640.32386637036,0.0361359479691259
63,1.21706562188052,80.5797074573956,263.257217982386,5.50313581802185,0.00800658699242643,0.684115404593556,0.005,0.222623584831525,34530000,10,-1640.34712397061,0.0881132308810119
280,0.380295762827898,94.7793065118725,242.477698621323,7.98338583419097,0.0030559704340738,0.904681964753115,0.005,0.909515751841537,34530000,10,-1640.47263056732,0.0995923061358318
394,1.11221453827099,4.73006607137523,70.0568778579956,1.61809161791608,0.00734781436492901,0.762578508692155,0.005,0.296960454824194,34530000,10,-1640.58740653868,0.0480820324640554
127,1.58351041880506,39.1107996136571,45.3550439805483,3.83269350101531,0.0097555423412488,0.667443930188618,0.005,0.161151318730562,34530000,10,-1640.59223896731,0.0296583743493891
263,1.50091215452354,21.6742851015182,48.7034222504226,2.91743965897387,0.00891118637809133,0.677446221584601,0.005,0.179503880617886,34530000,10,-1640.59369931708,0.0693797679211669
53,1.31776156110441,33.2729403832537,1.01556451137429,2.19908484337462,0.00914803645585246,0.625003048597367,0.005,0.222086563011196,34530000,10,-1640.63563193997,0.0686401460333373
371,2.44232952595088,72.1593756014005,600.435864861192,3.00695172950825,0.0119463169341617,0.716763831675829,0.005,0.089703356083497,34530000,10,-1640.70390974715,0.0415710247383426
236,0.727975028828014,20.665979133706,1043.09365457212,4.35122629806678,0.00617723400267945,0.696171032144591,0.005,0.434827672945014,34530000,10,-1640.73472012732,0.10727674291083
57,1.18275246583392,14.5958192681784,13.4171395983078,2.93560601387947,0.00803702743967365,0.678850689619484,0.005,0.248594832952131,34530000,10,-1640.76220498912,0.0691991806194576
2,1.22386039401943,34.3617253428123,5.43313424385716,1.68962190614725,0.00801963612429871,0.684048255627199,0.005,0.259516854980157,34530000,10,-1640.77329750882,0.0437129783715687
301,0.916445256836649,121.554743941588,38.5972013003239,4.50892907182569,0.00720443383269386,0.666278248204172,0.005,0.323562875827885,34530000,10,-1640.87902841577,0.0811676375886634
227,1.29249629442151,124.569252777395,51.150029628097,2.61540821366307,0.00863806615102355,0.666425568322061,0.005,0.225146134508493,34530000,10,-1641.07119809931,0.0564126933451771
296,0.455876951091513,1353.44964288054,34.8543371544568,5.06833939761555,0.00405442290344243,0.790907246757215,0.005,0.753399109523937,34530000,10,-1641.09464573664,0.0847740520538292
296,0.455876951091513,1353.44964288054,34.8543371544568,5.06833939761555,0.00405442290344243,0.790907246757215,0.005,0.753399109523937,34530000,10,-1641.09464573664,0.0847740520538292
245,1.75215169182428,56.3390696206223,154.162804376887,4.05344057050293,0.0105894960402547,0.665483474984369,0.005,0.137432230149254,34530000,10,-1641.12636528941,0.0502923680807355
131,0.734279618342656,8.70558216148286,3.46423911667924,3.40403039575706,0.00647079154979048,0.683178756096818,0.005,0.43859848842083,34530000,10,-1641.17459828886,0.0411443260242859
291,3.36468899193406,71.5001507217574,141.762244701608,1.97549085527306,0.0127566737799259,0.75584572162871,0.005,0.058015811974937,34530000,10,-1641.21876984567,0.0458447421935977
14,1.1897310910916,33.0621291870452,137.49764273052,1.68995777259721,0.0081614179233229,0.681165702260347,0.005,0.264234805142079,34530000,10,-1641.22143087859,0.0550046990989223
231,1.31497670752678,3365.88731948119,13.3268625071786,1.02191775421804,0.00807524484445318,0.69062574098423,0.005,0.269928447954774,34530000,10,-1641.25014948947,0.0759979221753533
56,0.869901562614711,37.7098877867848,55.5062454295802,6.10699055987485,0.00800175474041795,0.626316468880548,0.005,0.340322226013667,34530000,10,-1641.39492134143,0.0298832943176547
5,2.17726312940585,575.054934725692,13.5833468235717,2.00495865879847,0.336191186381122,0.0879865789546869,0.005,0.173644704460084,34530000,10,-1641.53552718229,0.0345104876697645
316,4.06066600475811,37.7344963726719,15.8735633550178,0.787907746012026,0.0113874029730491,0.790849970888799,0.005,0.0581871152701367,34530000,10,-1641.54033589064,0.047280215454584
20,0.653059288110291,18.6708362299823,4.44016544878308,1.88935206851048,0.00634647902494619,0.721769527583939,0.005,0.544193175097368,34530000,10,-1641.58680201781,0.0684415365662305
209,1.7865625053009,84.7457520107635,24.8818042243509,1.45792165778758,0.0107221758575124,0.634615817523457,0.005,0.16174604464174,34530000,10,-1641.63410742016,0.0442669787280493
64,1.17385553495029,256.93405413953,256.706360667165,1.64680179725092,0.00783920082366253,0.663207431873612,0.005,0.27951720415774,34530000,10,-1641.76266936036,0.0478622120952606
192,1.22869431302333,9.55848127967602,69.3470484663018,4.76364046260675,0.00905777557128544,0.624033255367083,0.005,0.223510770026031,34530000,10,-1641.7915057005,0.0682058425086604
81,4.40733644372821,49.098767117726,220.656137684856,2.10652928993383,0.013139005389589,0.844079375050241,0.005,0.0351307645274375,34530000,10,-1641.87403447316,0.0514370893302901
319,1.76328906791635,558.203966969114,137.954552616315,2.59370736998396,0.0111842891704263,0.601406885618075,0.005,0.144514119730759,34530000,10,-1641.88810217474,0.0941960323447502
107,0.668970152668879,48.1880769679862,4.90587908518439,4.7921575870043,0.00670177560053907,0.633846971158135,0.005,0.47681604566344,34530000,10,-1641.93533927179,0.0813307703050887
65,0.63303560104935,27.4081395553988,65.5810496776718,7.40536190376446,0.00576998281635311,0.663598918962853,0.005,0.497005859385598,34530000,10,-1641.99015895934,0.0848702483646011
382,0.513038240115489,7.85506644194046,0.0129647978797207,4.78033521080767,0.0124394765312724,0.309803996418174,0.005,0.642669867462827,34530000,10,-1642.04667278225,0.0406589989987336
184,0.40473439382711,24.261538718548,49.1706077767455,5.79910049710917,0.00355143349552196,0.809324572531747,0.005,0.853476902073189,34530000,10,-1642.20394609027,0.0938450170111979
264,0.838348052172188,28.9421746485076,13.3141638635439,3.86475457930409,0.00761668832620728,0.606913386952641,0.005,0.36744790441784,34530000,10,-1642.20596137915,0.0465007603649132
267,1.50081881231386,55.6598939108157,45.5714552403943,1.10606900126513,0.00928799987011981,0.632766385507584,0.005,0.22188769219572,34530000,10,-1642.21497096201,0.0366208893996771
169,0.766632059952629,52.1220256489452,7.20743519351663,7.92570641434838,0.00831160334459315,0.593555003207371,0.005,0.387604077145199,34530000,10,-1642.25184853723,0.0370762743859001
195,0.987488864037433,20.3132902861423,0.728959953238055,3.9069603530107,0.00917998407348216,0.54007115186672,0.005,0.297169962042199,34530000,10,-1642.2758348348,0.0475637476830068
38,1.02134754938299,580.383447396621,3.4017145996959,3.26086577957214,0.00922262732609432,0.578965012041982,0.005,0.296311584079416,34530000,10,-1642.30704872604,0.036217858284172
178,0.82435246701378,164.91580004365,4.96479361237078,4.03802838704962,0.00829591013959594,0.587729650806442,0.005,0.372894194196903,34530000,10,-1642.32502880132,0.0492616806646323
177,2.46668959295603,36.6233456389079,90.4028165002709,0.594530681602637,0.0108619614372847,0.666031596762934,0.005,0.144898013878647,34530000,10,-1642.34359901537,0.0854380686030085
355,1.13784892554066,16.2797280840416,5.66743897891679,1.39845307345348,0.00901745685979562,0.634564468813228,0.005,0.296604277116488,34530000,10,-1642.3782260675,0.0387733258785255
98,0.539212169276607,11.8649972701224,36.2503906509526,3.8399521991924,0.00668491834838152,0.689901184116434,0.005,0.610043958041981,34530000,10,-1642.46708335642,0.0545515715799999
100,0.877783290550027,50.9132349437509,26.3569423594631,9.60674203351546,0.00861448798598271,0.56391344358945406,0.005,0.330376786232173,34530000,10,-1642.5256346609401,0.0452684970648184
217,1.27350068927278,10.7868497770375,104.561676667941,1.23631086649885,0.00913691802708307,0.630203264109268,0.005,0.264277857468653,34530000,10,-1642.64682891713,0.0482445306621442
51,2.2688728257855,42.8835087331101,54.4888420636232,4.84958690736032,0.0138413196290688,0.590058363724179,0.005,0.0924937585215681,34530000,10,-1642.67537541897,0.0436590933513109
149,2.84825638914903,100.294891475796,29.5781069512757,1.98189861114754,0.0137839540622236,0.624339787169499,0.005,0.0735911029020705,34530000,10,-1642.71940680952,0.0479560176405913
159,2.23143357739536,117.126553800513,5.40396789718635,3.06263028015169,0.0134813416151397,0.569414501239791,0.005,0.0988039674907041,34530000,10,-1642.73126591621,0.0508447002739312
187,1.97747333581487,181.212952466193,4.2282796007882,3.05882967873377,0.0130447615636877,0.554791753161476,0.005,0.116443673039072,34530000,10,-1642.81256105565,0.0397161540139662
215,2.3118491829974,33.2323667187455,23.9810292596684,0.971725825571604,0.0118536934340164,0.605075378908458,0.005,0.126898589090167,34530000,10,-1642.83197140789,0.0944203083828481
116,2.18255107794,79.073042659268907,27.6506337250045,2.74752852637655,0.0131673282695821,0.577914312651959,0.005,0.103197602837472,34530000,10,-1642.84084476111,0.0578207992824151
6,0.544320966780211,64.8584832453774,104.921131557188,6.60715039025562,0.00649913794529158,0.606287634503368,0.005,0.596791926389139,34530000,10,-1642.87815549572,0.0692770539111731
78,0.921332570305721,543.637471258861,12.8916829778009,2.60202865051362,0.00831690132144455,0.574759723641786,0.005,0.345096902980055,34530000,10,-1643.08458508726,0.0837179220049989
45,1.63996913059035,42.7020385328047,24.3227379804339,1.6050033156073,0.0114636808560094,0.559135930539481,0.005,0.175144672176652,34530000,10,-1643.13778033158,0.0512405306734791
297,1.84235073826744,57.8417086325765,5.4570530267686,4.46214911853939,0.0138771955937817,0.533178743888019,0.005,0.123784956399847,34530000,10,-1643.16025944632,0.0409230719823471
337,2.26850216633018,1546.28069486407,143.493903403164,3.79375773744638,0.0138588887141804,0.570453190632416,0.005,0.0949307899670465,34530000,10,-1643.17453492684,0.0163278430681355
252,0.99845521713321,13.249629744905,10.1378955386211,3.99015073203365,0.00951996578662509,0.555561415485605,0.005,0.29046760244739,34530000,10,-1643.2067282998,0.0622997169564272
173,0.917855814092629,17.0381607331172,5.85721601503274,1.7586699305629,0.00804919252578651,0.597790833362362,0.005,0.369873783032489,34530000,10,-1643.24623660874,0.0686671534856434
168,1.78247176508338,35.5616649084053,1.64733933786862,1.11988834421883,0.011617767458538,0.554029809871191,0.005,0.173902077183181,34530000,10,-1643.25494067611,0.04044920093569
83,0.963814742932392,58.3108163340889,246.000060666289,3.23989316717783,0.00918675740084044,0.549769868159515,0.005,0.313387791538413,34530000,10,-1643.25614831376,0.056321110513526
67,1.13038277705069,170.107917466926,755.646935278962,4.28392725243723,0.0110742650897501,0.525758721452884,0.005,0.249311508490206,34530000,10,-1643.41460879359,0.0258716609975617
125,1.22665398631737,95.1528143636706,3.72455888717482,1.96946592499073,0.010151033579182,0.535971633930885,0.005,0.24817372996695,34530000,10,-1643.41770866145,0.0492802483225796
232,0.408031785283802,4.42384188574625,152.419682342039,2.58642136023397,0.00321015626423565,0.865356256079085,0.005,0.913243836938117,34530000,10,-1643.51846554188,0.110939360972737
13,1.76020483669943,36.8141430129026,74.2516287838644,2.35469836941823,0.0119346695968739,0.54253244101136,0.005,0.146588824797754,34530000,10,-1643.58644880486,0.034858371773562
312,0.480273132922385,127.647158909158,190.28707392788,4.19729180804024,0.0053766641729935,0.646471515979977,0.005,0.71484180069063,34530000,10,-1643.66430730859,0.0933293905255223
265,1.00161892751755,27.25840173744,61.8038547232907,1.6335209238583,0.00813563606958221,0.588655379148877,0.005,0.332380803170703,34530000,10,-1643.6820957285,0.0595598261661175
395,1.04445714740237,26.9824955532338,7.95072268763464,1.58285585779787,0.00913744370931037,0.572273811807382,0.005,0.321922830433689,34530000,10,-1643.83900549343,0.0358588628081966
233,0.489175803366316,9.23944448587506,207.421996336479,3.33039124507471,0.00460324003364099,0.694149486107361,0.005,0.722459708561756,34530000,10,-1643.87825315942,0.151748802528698
338,0.38800966765487,232.136587663898,1.66947453944233,4.51025388947896,0.0032870652620942,0.798262217092352,0.005,0.926489629874552,34530000,10,-1643.8800573138,0.142806993837713
391,2.25602402400492,85.2920143263789,2.31838515994848,1.81676274377896,0.0155553595543829,0.516589270751273,0.005,0.10679646814797,34530000,10,-1643.95206055476,0.0511983447158499
238,1.60198555446365,59.5774540181721,141.238248075368,6.75832916682768,0.0138422643359793,0.494103813946971,0.005,0.148996789232207,34530000,10,-1644.01277862006,0.0381064209764876
90,1.87365167362888,208.454446422141,873.154917927202,8.66493564514894,0.0152322872658456,0.503904725287161,0.005,0.115346191056664,34530000,10,-1644.10908584521,0.0433111120168302
94,0.821757564706702,2.97932162942716,5.71188872179208,3.9260208581392,0.00773283794401471,0.910814032360986,0.005,0.376645798593126,34530000,10,-1644.34096536357,0.0348324871426918
344,0.558174782018597,9.03663079920693,4.46522380584566,3.35609455810469,0.00618109531477947,0.596146762955873,0.005,0.619576738903657,34530000,10,-1644.36337819622,0.0431364327582368
278,1.76066271069939,28.0461324976815,31.5772450746295,1.79813340707909,0.0137440327081558,0.509214287610552,0.005,0.154271749384827,34530000,10,-1644.37200598053,0.0396707251883535
27,1.16760319359227,56.7628549813884,1.69126170340614,1.71719015117237,0.011328270122359,0.500175594905264,0.005,0.269373515670391,34530000,10,-1644.38059237557,0.0427446139222864
323,0.370471532274112,1.65462873281321,12.5352399321031,5.7569786994169,0.00322224376389493,0.787827388721544,0.005,0.968981651213192,34530000,10,-1644.46719060138,0.130766017098629
266,1.26012002013424,0.183465859886532,0.0198173531840377,1.54811978245709,0.0104807602566116,0.864437828361162,0.005,0.247240343279262,34530000,10,-1644.77676770251,0.020045386163079
295,1.71167780843856,52.5542718537728,479.181583135125,4.21384752104142,0.0140402331375011,0.479223810197083,0.005,0.138046998408878,34530000,10,-1644.89778525133,0.0518174133213971
208,0.906968908867081,54.1435416017703,124.690643739994,2.22187871873047,0.00859675203357886,0.525341026151439,0.005,0.35748984266044,34530000,10,-1645.00080389888,0.043990999417967
130,1.3727009040386,64.4907493112182,92.1904569153013,7.59734182697626,0.0134565247282794,0.45997585979343,0.005,0.180734356372,34530000,10,-1645.02123927645,0.0635772729188983
114,1.8907876238938,28.8001154914535,7.90879319306123,5.17467933436096,0.0166490665301915,0.473102396560996,0.005,0.116980437715667,34530000,10,-1645.11194030747,0.0384600207738071
222,0.905407976872038,14.80975390009,3.8040235041095,1.23990656058505,0.00824306140566495,0.56219331217629,0.005,0.408876867176235,34530000,10,-1645.12176874333,0.0640508999681812
357,0.358097058228609,2.6740579395101,375.461000916915,6.94309946918469,0.00317913157005455,0.804278575696936,0.005,0.980478385209171,34530000,10,-1645.19320965,0.158571061381587
109,0.440230192165706,3.29998706918256,39.3066168153337,3.12951296233206,0.00485487128886451,0.644737696381033,0.005,0.82737004409932,34530000,10,-1645.26468908346,0.110115401373147
137,1.37317974535811,201.024230085426,44.6744122198622,4.59547167470037,0.0134526338213456,0.452058386944994,0.005,0.188140893034772,34530000,10,-1645.34231491641,0.0576640758723722
198,2.76543849062025,92.2338722861064,73.7246852743021,3.39353380716956,0.0175830848340081,0.526901445387464,0.005,0.0681599680263278,34530000,10,-1645.36743245176,0.0308298310222271
353,0.485758818984961,0.00105168119381251,0.00203382400659235,0.910036945603156,0.00308153275621265,0.849254688194773,0.005,0.962062709616926,34530000,10,-1645.40323806429,0.603093070274444
52,1.26498679095532,111.333112578312,5.19801845232279,3.30882515767444,0.0135771465766539,0.443010536908705,0.005,0.21649457166037,34530000,10,-1645.58480199643,0.0611505538443139
181,0.625705280583666,0.00989508852339599,0.0871066451039001,5.05955605436832,0.00874676647194039,0.72767206021188,0.005,0.497330472667366,34530000,10,-1645.94677610475,0.0286810312631267
279,0.428869310155657,82.8540183734269,301.802596097995,3.75555514338165,0.00649405657960053,0.544113143893071,0.005,0.81200045038411806,34530000,10,-1646.16358461108,0.0708465538504151
186,0.485796097934845,20.3829005537997,60.3329553793961,1.59212370558593,0.00429299268700327,0.7185816735662,0.005,0.815768567038813,34530000,10,-1646.2650233961,0.30262032190124
89,1.84321806509417,36.0547612783718,236.626550754357,2.51920335098035,0.0155776573638925,0.468151275707126,0.005,0.128653893332922,34530000,10,-1646.29616198799,0.0405838521322293
80,1.24477547023472,31.548599870828,96.010070288863,1.68318134568727,0.0124040826077032,0.45842795429243,0.005,0.245941179453455,34530000,10,-1646.30743931528,0.0639430463307323
176,1.48026103879282,19.8048719069438,180.652562967852,1.82917085403496,0.0141114039145151,0.454333544206456,0.005,0.192883658527667,34530000,10,-1646.31059567656,0.0276224329343945
69,0.436068018015182,0.964823832899903,167.672932210559,1.68404740296241,0.00290224347077129,0.869974048487428,0.005,0.930773480612172,34530000,10,-1646.40208846743,0.268922208452936
37,0.532482497522385,423.907088531337,11.4064182506261,6.62100429414501,0.00768121487088084,0.495655172170035,0.005,0.608648547503425,34530000,10,-1646.41758607598,0.0652673565430855
220,1.62716860021695,39.1571634430658,76.92028534418,3.13171711877594,0.0149507740142456,0.435836338763744,0.005,0.155891588461743,34530000,10,-1646.55599203938,0.0409898110037997
153,0.412531376043247,111.023002311772,7.39145864214144,6.2279191028369,0.00689002832720217,0.51426678802403,0.005,0.814376961518745,34530000,10,-1646.57143220525,0.12163099241961
115,1.78940939055833,57.2867559731642,43.2557582766184,2.35096434453265,0.0156054155724793,0.44852409743804,0.005,0.141007093828662,34530000,10,-1646.65898290879,0.0320570672120537
3,0.444946201876971,127.286008980899,0.0147390540837296,2.83691795505838,0.00775610411549477,0.424169727117919,0.005,0.80781901534668,34530000,10,-1646.67364678918,0.0765748517107625
74,0.514971537044813,2.50556218909316,11.2228163701722,4.17006815029706,0.00869878821392645,0.518486302218062,0.005,0.640453995175312,34530000,10,-1646.70024818827,0.0962729334145266
33,1.90330838598169,85.2315069392922,10.5913765880598,4.14903509930441,0.318943241531703,0.0870071692409311,0.005,0.181730940346038,34530000,10,-1647.01488334462,0.508997410856272
1,0.534100201434775,7.38477769548974,100.530976124598,3.08388857451888,0.0083796066280401,0.503962540195478,0.005,0.647502471371081,34530000,10,-1647.02631599889,0.0384562759134249
253,3.79927713353846,324.966025295847,20.8398046070732,1.69041290101074,0.0198112201398504,0.542360214484803,0.005,0.0445684333778783,34530000,10,-1647.08465428859,0.0342985264261016
55,0.369586232650447,777.490843310739,0.379029846674243,4.09051568997263,0.00441956621422905,0.620027851263602,0.005,0.978697251295667,34530000,10,-1647.11245057022,0.121338068605669
330,1.03347905825043,95.9417009570227,4.53503397669333,1.64934090642936,0.0119823627698722,0.440661486686974,0.005,0.318266625777962,34530000,10,-1647.15681259248,0.0434763921314734
288,0.595369428424725,246.224626044635,401.078813400172,2.42145864958489,0.0081880383872108,0.498998280394056,0.005,0.58071097317335,34530000,10,-1647.36040377117,0.0443957344296526
320,0.681715172374287,20.5931842856457,7.97765369811471,1.21313008558356,0.00761521706027082,0.538984448213427,0.005,0.570067485672715,34530000,10,-1647.3987035101,0.0761742474716943
221,4.01244970123569,66.4910592244894,1830.9703730099,1.35150819881348,0.01892913752695,0.563550054142809,0.005,0.0419400652421971,34530000,10,-1647.42409401868,0.0357315333360726
118,0.749163611940091,22.2178209131439,46.694007964253,2.84171253825295,0.00953406303299635,0.453049471947647,0.005,0.435312564329484,34530000,10,-1647.51580382104,0.0666278125026347
200,0.579759823132761,0.267793173934161,27.1652501043564,1.50198410538543,0.00826239949638476,0.560896427773069,0.005,0.647690340490551,34530000,10,-1647.60682648898,0.044880772598764
284,7.66061483707003,84.5918022385419,146.126858795818,0.859105578509862,0.0181748356463886,0.759689409425251,0.005,0.0138119691208234,34530000,10,-1647.63737617927,0.0428425165406118
257,1.61467461195278,216.279041277785,38.0793764268168,3.20319934578279,0.0173547636223168,0.396837618276343,0.005,0.152280018232328,34530000,10,-1647.86269042175,0.0396186987772157
54,0.561244940506959,35.9445900511915,4.05375018112077,6.60256676364636,0.00970048369139289,0.433030734710983,0.005,0.566212493520152,34530000,10,-1647.98797132953,0.0721101104221065
113,0.403774078202327,5.11395844829464,1517.57562201288,2.14111411443861,0.00384993517039034,0.685862780461964,0.005,0.970648125938222,34530000,10,-1648.14141210881,0.321225839138526
366,3.48359199787,216.10089776659,79.0563250273992,1.5057750873561,0.0200607767351121,0.490230821523411,0.005,0.052174760785382,34530000,10,-1648.45516683911,0.0452061957528933
396,0.790863227249307,25.3092819164158,1.5634852163895,5.81656993202976,0.0127875599683373,0.370776542330698,0.005,0.379694322812081,34530000,10,-1648.70766910831,0.0584608329002789
207,0.936473759746096,54.4067593238579,33.7573594354999,7.30343309394351,0.013576778723885,0.371687501897554,0.005,0.30315397926261,34530000,10,-1648.78965132871,0.0406258916227258
332,0.676583693650708,1.5160174905998,40.3548667541742,1.05266454625446,0.00909367946049645,0.544912103354228,0.005,0.591215973711632,34530000,10,-1648.85315107807,0.0399809670323822
25,1.53531597354297,1423.90859423483,318.103124056838,3.38904491945277,0.0181946800154743,0.374589822460804,0.005,0.161673699415101,34530000,10,-1648.92921078439,0.0428626115050795
71,0.980550903027108,423.014366489036,97.9811278981275,6.3588581424101696,0.01470263387202,0.359517704600867,0.005,0.285041233721525,34530000,10,-1649.12360000807,0.0411404416932761
377,1.2628557153535,152.046163288704,2.71872366547231,3.46692176319987,0.0162282982893526,0.356178043925299,0.005,0.215942301955478,34530000,10,-1649.24845840541,0.0388102681087992
370,3.22021632697151,305.056505322649,53.1544535445574,2.08601231982864,0.020909795500815,0.466790599381403,0.005,0.054930702659505,34530000,10,-1649.26090398583,0.053642566738428
331,0.435341536469469,179.134879467771,936.44381959776,2.17284164091866,0.00667065487588995,0.499852926128958,0.005,0.862091050636106,34530000,10,-1649.29791809277,0.120548695369662
201,0.371443508925332,21.1642562166613,64.6018335176626,3.93498694000804,0.00593209590281346,0.499054126960164,0.005,0.966965009391498,34530000,10,-1649.33848061714,0.103338108551144
99,0.628868232779966,64.6797728483178,24.3701890672205,0.480593644980721,0.00299380992565171,0.880461508582918,0.005,0.951029152982302,34530000,10,-1649.42001076035,0.275156789803344
326,0.676675471314275,94.4378937778873,2.29132319261269,3.6016941823422,0.0116526636007268,0.381728112294214,0.005,0.474711446293369,34530000,10,-1649.68845379166,0.0407467812333312
225,1.61362357991223,125.228077748995,1113.53705513813,5.48835225455216,0.0192429435376805,0.361390987341624,0.005,0.142049569063232,34530000,10,-1649.75699657466,0.0252701960053938
12,0.383236297311595,15.3538616348059,2.52709869504511,3.91056375046723,0.00593221253820629,0.495518306419518,0.005,0.943187582133735,34530000,10,-1649.80259242312,0.115326913472678
155,0.434095620799883,4.68538198338061,56.9790026722312,4.50437243078694,0.0074008640516473,0.452039450872774,0.005,0.79723390452766,34530000,10,-1649.8127426993,0.107096549099062
4,0.576022563890201,51.9699164934893,72.9869309548929,4.07003025201714,0.00883822287199026,0.418450479675059,0.005,0.581914918908127,34530000,10,-1649.9368922093,0.0659766223004794
143,0.606861605080553,9.71655652809522,24.3863134952554,6.28122826851083,0.0107086974294749,0.389187216638609,0.005,0.516366974604774,34530000,10,-1649.93870406552,0.0467343286616161
191,1.27009159016494,31.0809448757202,1.96676641279751,7.86616503958338,0.0180959405822569,0.335153059874359,0.005,0.193680316112336,34530000,10,-1649.97952803983,0.0372055900067137
390,0.490449524025751,4.12620933689787,180.197699838464,4.35632167973348,0.00905766600037544,0.420229763931484,0.005,0.688986538282699,34530000,10,-1649.9931179326,0.0520744170852328
92,0.439152015923285,20.2658163040082,38.5813228360288,1.34524257913591,0.00337983327918958,0.741454879732372,0.005,0.980689624321345,34530000,10,-1650.14904008302,0.698220633370686
329,0.910974257107679,54.0602203130659,86.0925770869499,5.27582645914022,0.0145580892598763,0.355295212845015,0.005,0.309988759536314,34530000,10,-1650.25935335173,0.102919181286356
154,0.513730883824734,38.2075469043182,40.5604506838658,1.4598155023378,0.00804469061325894,0.475137847952551,0.005,0.7557868824122,34530000,10,-1650.29965694663,0.102588827199895
237,0.764116313163111,21.7818194534429,9.96478680249314,4.84934744001291,0.0113228668816448,0.43321419972164,0.005,0.381136032552199,34530000,10,-1650.40405083216,0.0551041337223922
39,1.07459428963319,94.391561937235,1076.53051855483,2.21027494709968,0.0148120330991369,0.355153495759534,0.005,0.282027253820925,34530000,10,-1650.4280205979,0.0327952595081173
254,0.413444625783083,78.4662466518147,19.4923908975085,5.29065847890608,0.00816382311881961,0.424347029072088,0.005,0.825161290691084,34530000,10,-1650.44667874127,0.0617108557455384
174,0.80851495086423,11.300319994155,53.9209836488391,5.64528596787611,0.0127208145450174,0.360350312965785,0.005,0.364897887366886,34530000,10,-1650.52547256497,0.0464925252141412
132,0.542640020718243,5.18183312529516,1093.88281689489,0.680286895387718,0.00285650173556727,0.87620323261216,0.005,0.953087698240799,34530000,10,-1650.57689668229,0.306401127380801
23,1.38417309180721,206.189479654204,2.32465066654866,2.67104223146459,0.0174318250167731,0.344761894919439,0.005,0.199669365066568,34530000,10,-1650.60005557403,0.0482427641837589
138,2.37707221510247,140.532724384548,13.2499312433984,4.73356598180921,0.306074223956103,0.107625539164254,0.005,0.124031026336896,34530000,10,-1650.89330035482,0.0657417816579652
142,0.475687924207192,93.5475976351993,40.8104085979722,2.1123731227631,0.00881383430580683,0.43674610936421,0.005,0.773506504998901,34530000,10,-1651.06127110605,0.0499915640910008
105,0.690112005913585,103.127445383897,93.3351713884448,2.25700076821795,0.0105368072707297,0.398786069119816,0.005,0.506561817711451,34530000,10,-1651.07497227299,0.0798919534648992
349,0.617005443545017,229.023979481573,238.67584453751,2.8207837799227,0.0107940623879714,0.385411361381419,0.005,0.551708311119788,34530000,10,-1651.13136176637,0.0551101463509365
150,0.36238994225738,20.8258895456736,1818.73866762977,7.12404334486337,0.00701209169438435,0.442003573894256,0.005,0.940294888796604,34530000,10,-1651.15182431513,0.0741314019729311
21,0.986023285633906,25.1961909069527,18.1439357289466,2.10023958242965,0.0144753744017101,0.346973328628015,0.005,0.318821260448981,34530000,10,-1651.2986055386,0.0502069710382516
211,0.841401784828039,1.98002830960655,16.5518232136749,1.50077880649681,0.0109986556059434,0.670150366867467,0.005,0.409959023478793,34530000,10,-1651.31863770776,0.0292453804203495
139,0.521040105470868,0.0167404329664462,2.32132245412455,2.61145538784377,0.00963081277950604,0.476893128653106,0.005,0.668624082353806,34530000,10,-1651.34467672257,0.0283002415117537
256,0.408972086683826,30.3010010037536,116.790044011761,3.14212728463359,0.00837375539411213,0.421409211416996,0.005,0.870669156155766,34530000,10,-1651.378678615,0.0406659492717807
342,1.85255482945118,112.182948761695,46.1707530205339,7.53261294263714,0.0219505107461498,0.342047189808915,0.005,0.111920804465022,34530000,10,-1651.81312263507,0.0374253718227182
304,1.88009073960463,1153.49982032147,1.52355575531811,8.26016004482756,0.0234879500943082,0.326037296681199,0.005,0.109377987075662,34530000,10,-1651.86047351508,0.0310871915152994
380,0.400731874110041,36.8927125671056,710.634379763754,2.97164594046327,0.0067894882584097,0.447825429276967,0.005,0.919745349026076,34530000,10,-1652.19107417807,0.0689934478147691
362,0.44582950792653,1.56488497288388,13.498069324665,3.36222056683039,0.00857481756561575,0.408174813936007,0.005,0.788650055154581,34530000,10,-1652.27213789434,0.0956680267939573
373,1.21372892430662,55.6344302666871,2.86616951654837,4.04810286892512,0.0197109286694633,0.301061708634966,0.005,0.217498544183449,34530000,10,-1652.36654722556,0.0497865747492516
281,0.713459941802381,95.0406340559844,79.0062438723213,2.47472937416182,0.0128260353140622,0.346523911396633,0.005,0.46606659033464,34530000,10,-1652.41049259498,0.0588186851613603
308,0.382663297305352,0.0464652822417934,3.80069407697154,2.82611253563165,0.00768885821719267,0.426305474236696,0.005,0.949498462352239,34530000,10,-1652.45201687902,0.0791467017879224
282,1.21530204907942,229.618956957696,18.1145517158133,2.42602247409494,0.0175567980293333,0.3200948211401,0.005,0.230910707371537,34530000,10,-1652.46341930491,0.0434036428248985
134,0.392738410737277,0.789516200118231,4.1995821069189,5.54233077003073,0.00935507676409759,0.385094329082213,0.005,0.871804140169793,34530000,10,-1652.52177034416,0.0452584561915621
97,0.441666945507662,3.76187795008756,7.22190116658987,6.58558290589468,0.0103044923518016,0.366315726633066,0.005,0.75149797223235,34530000,10,-1652.95525509925,0.0373615796576873
111,0.85626455941657,7.30919599104726,284.413016509839,1.91138164057019,0.0149746125978514,0.419849075254699,0.005,0.385988496950008,34530000,10,-1652.96900467116,0.0363899286741456
368,2.46302559346506,35.6892086854947,12.5428206200853,4.7714550926657,0.288534855113609,0.11325235462981,0.005,0.112568797925897,34530000,10,-1653.06776253109,0.0684689936488238
41,0.991893510218837,51.5378316895711,9.84838202146115,2.37823659385324,0.0174852110905641,0.315764055885938,0.005,0.310119047983113,34530000,10,-1653.1540372355,0.0331647871846107
158,0.477976140547355,13.2229807196685,0.698719552696317,3.87171069622578,0.0107732535093321,0.355340457156742,0.005,0.713952499369016,34530000,10,-1653.24493451363,0.076050752723659
190,0.498539363837547,229.801743070782,75.2798891825154,6.07342241146578,0.00979908860166469,0.354918435317977,0.005,0.666302166874028,34530000,10,-1653.31135724206,0.128040290074327
156,0.359245948816208,1.09773067482307,249.024611456249,4.2994222095774,0.00795398643964864,0.40015584158904,0.005,0.977671159178625,34530000,10,-1653.32831692,0.159028729670023
378,2.05868144308051,72.7512070407591,6.24695854735828,2.20080940935787,0.0235296141419351,0.3248228601044,0.005,0.109231521581476,34530000,10,-1653.54170673762,0.0334174415012472
152,0.408433650474217,0.00596920019326706,1.9022236207454,2.5284451581203,0.00923706037099682,0.405710484825707,0.005,0.882218475641571,34530000,10,-1653.57204660216,0.0675375931106138
388,0.596072785080583,74.4575045265765,9.01331228771482,4.21409810372055,0.0126565936330219,0.327830395404936,0.005,0.545671984776172,34530000,10,-1653.63149741217,0.0485558128498796
48,0.961956401712562,81.3134391072407,3455.80020693138,2.40430496513816,0.0164751287438605,0.306396553002863,0.005,0.319589638537537,34530000,10,-1653.64331891326,0.0477372119390704
122,0.565392812027734,3600.29104927186,217.637085352607,4.26466543875134,0.0122246031922751,0.331862795197494,0.005,0.581862563084445,34530000,10,-1653.68624488382,0.0421844976640582
274,0.856826452004497,350.197212918295,6.25860782655823,2.70668918449575,0.0155914899228919,0.306984907873234,0.005,0.365697540416587,34530000,10,-1653.71494601153,0.0585089968289096
166,0.569741515504961,55.4717524477807,598.395483311299,1.69189810071393,0.0105527934161229,0.373782423745147,0.005,0.650624095039876,34530000,10,-1653.96578201461,0.0733853230448453
121,0.383244382662291,2.84036191756493,8.1603103866503,6.89900925649307,0.00974243694696002,0.360893325748366,0.005,0.893697250891126,34530000,10,-1654.18124873007,0.0514481838867905
171,0.378341787119508,2.67551740719704,14.7381158896077,2.42551632344499,0.00732140308120808,0.413986342100113,0.005,0.99786724153535,34530000,10,-1654.21350688832,0.124543572741126
306,2.61553131565909,274.334415610888,17.3859323678511,2.57846360147625,0.3303081942539,0.107819247647385,0.005,0.119130837334414,34530000,10,-1654.36359308588,0.282353103194012
399,0.3818897988483,10.0668516337405,263.808272558645,5.84143169906918,0.00990079762032535,0.363063988563921,0.005,0.880459762600089,34530000,10,-1654.38730425301,0.0947746642826169
120,6.00370152361817,90.3052188932206,2034.05290618638,1.52874583697337,0.0250496944512116,0.551511025588378,0.005,0.0165303935863815,34530000,10,-1654.49800229571,0.0410759602238271
235,0.688285356980538,37.7635155026901,618.851572547662,1.86604369106756,0.0129702263359387,0.33171598493675297,0.005,0.507895086580347,34530000,10,-1654.66526490282,0.0754754516068307
175,0.37335795750646,0.571010693052469,66.6044932900485,3.42798731984008,0.00944396256196662,0.366700965895974,0.005,0.951544028702753,34530000,10,-1654.7529831678,0.0612165623597326
275,0.408965517481833,94.3130898827129,19.2813376540448,2.78780818374994,0.00885538509491683,0.37873568999371,0.005,0.88936992532263,34530000,10,-1654.78151174136,0.0574248968858899
350,3.79629361827749,127.624444532753,12.8483426683256,2.86194284092414,0.026045174265012,0.425204297250295,0.005,0.0353184741703638,34530000,10,-1654.91750764654,0.0469655625180017
360,0.405751940134545,16.9944935848641,74.3576147448879,7.87767160799607,0.00960084449464119,0.342957776903426,0.005,0.831462508645017,34530000,10,-1654.99576681854,0.0650036017310315
91,3.34080478351533,49.3482182410273,18.0241504051321,1.71231384156028,0.326952658565057,0.132583680285484,0.005,0.0911847882960475,34530000,10,-1655.07530337743,0.0419106518099296
165,0.459072118022612,352.249828328787,47.0103594383139,0.926805168564449,0.00616369849180425,0.485652446602904,0.005,0.994877249714023,34530000,10,-1655.08218066086,0.101115069105692
60,0.477853738749408,115.117657299505,234.647040632299,6.81066877618369,0.0124016780560031,0.318502207187123,0.005,0.688387253312125,34530000,10,-1655.14006968072,0.0373407724840901
182,2.76850720657689,124.917067360345,16.6570326688564,4.12365740249107,0.28587197975757,0.126448229494082,0.005,0.0951398294725088,34530000,10,-1655.36395201602,0.0372827600265934
249,0.400677545352393,35.6373242983978,292.021206086936,6.2053281005717,0.0110883524185048,0.338289436255936,0.005,0.838942392391919,34530000,10,-1655.59630381052,0.0636109384093875
162,0.808835605012411,14.918804358119,2.16786966603167,2.52390226845419,0.0173165157477349,0.28571517123109,0.005,0.393245834036084,34530000,10,-1655.63141385006,0.0356241130854338
93,0.454565170134445,11.4455954817224,8.83839512191348,3.18140410904045,0.0103037562173886,0.341076398681936,0.005,0.767509405583945,34530000,10,-1656.10746319975,0.14512294317204
32,1.77087176305579,3.51222665475916,13.4737287738904,2.94601555743937,0.0135821874493337,0.911108960536664,0.005,0.146821216949875,34530000,10,-1656.21836907773,0.04963276908465
311,0.421816330285798,3815.55863140211,1930.40090992406,2.68927161211632,0.00961595055729329,0.352195384043716,0.005,0.861111795403423,34530000,10,-1656.30068725766,0.0765881534983825
303,0.464719458298969,14.4880569824722,63.9790302773991,4.39200360200638,0.0120646261276961,0.312976209418399,0.005,0.7295105152458,34530000,10,-1656.38352406496,0.0635746980034103
317,10.4102900622739,414.163113872352,45.8158020055998,1.07183157075683,0.0235241957242942,0.764065104828335,0.005,0.00178778869771925,34530000,10,-1656.43740464978,0.0609684974607262
110,0.385577256384767,10.3303041481218,68.6537935296288,2.27873028496905,0.00995594553332308,0.358006526979257,0.005,0.957042908318124,34530000,10,-1656.4664118546,0.0907365521927546
133,0.485300302615842,83.768368553037,133.079922668793,2.89849334963221,0.0121698022598235,0.320297271517631,0.005,0.72020274158649,34530000,10,-1656.64368766189,0.0516951114291841
244,0.347270081897701,34.5200331096856,632.947165297608,9.11380365769289,0.0101031584471074,0.321846254976601,0.005,0.978620055873332,34530000,10,-1657.11622802291,0.0630250576394315
160,0.729082674877887,43.1173059544527,605.887359836875,6.8351898548956,0.0189608431251221,0.251159194697349,0.005,0.40756622717433,34530000,10,-1657.790513844,0.0336704514902055
243,0.391483924359362,65.8243130948691,230.795558873019,1.90605452983259,0.00924826766832486,0.354469537862349,0.005,0.9891498086742,34530000,10,-1658.1628814651,0.0444697212700056
36,1.39071207673033,177.29096611121,146.061095111326,2.263838285938,0.025247497515863,0.253813138955664,0.005,0.192424403394471,34530000,10,-1658.3911147955,0.0275994374691015
147,0.571415209811721,16.0683687371099,6.93208459333212,2.96327575354253,0.0149301572560923,0.269133299541691,0.005,0.598137138385212,34530000,10,-1659.37183772217,0.0506872947008843
29,0.957833270269602,112.196443942248,89.4588947369099,2.32637133007394,0.0211830449489645,0.237145993190415,0.005,0.321085679392521,34530000,10,-1659.93148980925,0.0439645837300535
202,0.380099958335773,12.3767223630666,50.6368968429147,5.83137370378297,0.0121166351456596,0.285909903494201,0.005,0.908668012410632,34530000,10,-1659.94107445361,0.0627834507889375
261,0.456437994763522,18.5884475342711,23.033214546663,3.47296388761441,0.0121006943384864,0.285919153592728,0.005,0.760803293085298,34530000,10,-1660.19321681115,0.0697783379936784
345,0.893249120551071,63.3098083068694,23.0067190928747,0.777613002048506,0.01560981086081,0.289521256842272,0.005,0.469128446381513,34530000,10,-1660.40197496379,0.0555048481117145
229,1.4950299210995,0.0923781006741973,14.1863575847545,0.779794020195969,0.0120052044338546,0.911517385038794,0.005,0.242370040388727,34530000,10,-1660.73434875276,0.0278215590595145
204,0.575845242731169,87.4577906293846,3.76461016527502,3.86146504937631,0.016332418540392,0.237799921276078,0.005,0.574172629546368,34530000,10,-1661.45643458261,0.0467534601912788
384,0.617294769870138,327.106744467345,6.82131031438233,5.65402774801897,0.0177468607620997,0.226086093805588,0.005,0.516302683727584,34530000,10,-1661.5772998134,0.0302174091538027
210,0.584273950386244,24.7638073661265,7.95101622710972,6.7152124245999,0.0166154549168552,0.233632859743074,0.005,0.532942434698634,34530000,10,-1661.65786313677,0.0327922701122824
347,0.504627207884356,0.0103261580147455,0.0457504465557672,1.56369020043409,0.0106377972436916,0.549323331626167,0.005,0.707528345652149,34530000,10,-1662.08237199226,0.0356713588545424
305,3.35299495910401,243.848630413921,25.5728310524826,2.69169950559412,0.297716388643473,0.14459169012668,0.005,0.0742857133581446,34530000,10,-1662.35727606691,0.160813714102979
46,0.601003040144649,155.886558603777,222.494598998752,3.43176323284955,0.0174486465652764,0.230486359652886,0.005,0.554852778024066,34530000,10,-1662.5125789639,0.042914015809884
49,0.379035543159074,24.5123067699253,122.325450407992,7.04902739611368,0.0145921536181091,0.249400780740342,0.005,0.892300263952873,34530000,10,-1663.54510142205,0.0666646325000274
8,0.38227948760734,4.44188021230717,77.9623296247026,2.82584771855852,0.012946801008366,0.273325645280592,0.005,0.941797788751793,34530000,10,-1664.02737654518,0.0701840667721058
286,0.731234805281709,48.0132939020752,2484.19705864734,3.5397866723515,0.0228756521826435,0.206210946287141,0.005,0.419290758464981,34530000,10,-1665.33238745265,0.0811860236073812
28,3.36228539784453,1439.90650871593,25.9399928423948,8.57599685842161,0.286579623239946,0.169023654971226,0.005,0.0703365877954785,34530000,10,-1665.48471518654,0.0449113465705627
398,0.50992698338977,1438.37634707974,1050.33264431087,2.42481165282452,0.0166248869059188,0.227596293061022,0.005,0.70093221048355,34530000,10,-1665.92070189704,0.0355412712008501
290,0.39465685488814,17.3329793077966,24.6909309752056,5.83613236843521,0.0132437152017283,0.298149600110438,0.005,0.81038575247441,34530000,10,-1666.76535280405,0.0760070732159926
302,0.612242400062447,170.957609890064,108.017549931111,4.6013245052407,0.0231753795643922,0.181274671796827,0.005,0.523277538246549,34530000,10,-1668.3454756196,0.042185171676935
318,0.717806838598106,122.8396396252,37.9927311887033,5.26938731181009,0.0280234344037757,0.164875637937627,0.005,0.424325528758904,34530000,10,-1670.07262598373,0.0217244925394027
77,4.7179548215193,54.6608527849605,26.667303489815,1.6692550062395,0.437665108408453,0.198158781574161,0.005,0.0703248933235825,34530000,10,-1672.9129381855,0.123589121295649
260,7.09953224888929,72.4746082256825,1860.57349107635,2.27684013603394,0.0350450706745411,0.442662163673075,0.005,8.6492248693664e-4,34530000,10,-1679.6278337751,0.084121813791571
44,8.04775500348885,371.487698100834,432.39052718244,1.16378908408338,0.0368955741824107,0.419432172489529,0.005,9.4042486043373e-4,34530000,10,-1680.74296387025,0.151628267783983
42,2.40192532161553,41.6267530221519,16.4243818407995,2.39510457555922,0.726637976795815,0.109115661637,0.005,0.302317322265647,34530000,10,-1682.22746466752,0.519366949933328
123,0.696751114132146,0.125055089682058,5.32250960202558,2.74834929738989,0.0222699407866146,0.459654405602313,0.005,0.438182260135618,34530000,10,-1683.02596451358,0.0180095843274115
348,7.75613127896846,375.517271646689,54.2460442047269,1.06881872865373,0.228241342063394,0.244077046613487,0.005,0.00830771064173561,34530000,10,-1699.80076979571,0.0973868548940687
259,6.31182637703731,2755.89986868785,31.689560110843,2.57583362935215,0.184767546293544,0.259982137303388,0.005,0.00779360609669165,34530000,10,-1702.68707052751,0.0777427575913688
277,6.56176239639721,1699.14077791457,53.9405404920125,2.85206182223119,0.581553557664381,0.298998275843208,0.005,0.052454223586252,34530000,10,-1715.05364143835,2.5005996228257
136,12.5956624856996,54.5096925736785,56.4550192459801,8.04784698670514,0.488076415048913,0.677909258490528,0.005,0.0165107256706663,34530000,10,-1742.20207075226,4.14076587258993
172,1.49154021515581,1.4141615204841,14.5578706165973,1.6165850919909,0.0404499544855223,0.801717731936566,0.005,0.16897563064169,34530000,10,-1755.34386815036,0.479355484996325
141,0.575077224614637,0.0196969079987044,5.50711682371778,4.62014024824712,0.043256285123399,0.587353904804321,0.005,0.442281169317084,34530000,10,-1768.56847918319,0.408080606208219
321,7.89756694580846,62.3872360935705,46.3884557208038,5.94264398744525,0.538857975580398,0.52405864402585,0.005,0.0402856231940777,34530000,10,-1778.13780654964,3.1768931971254
262,1.27779694464547,0.394761212961671,36.675599284605,0.425414812652928,0.0473295051769865,0.865221771771618,0.005,0.271211510792279,34530000,10,-1791.48618863717,0.182312156513634
226,4.11569993377269,688.489762978784,43.9989034863295,4.04846027672557,2.18656289337888,0.122053112582423,0.005,0.437612284706258,34530000,10,-1809.89975669655,3.75742015264412
325,0.829218242781079,0.279540823715152,13.6714838022929,3.15683764361727,0.0584031116415322,0.630876870770331,0.005,0.289652043271675,34530000,10,-1851.39129598447,0.593532430674847
272,1.13389786243036,0.593361601068474,21.8462973006535,1.61398921038405,0.066509905821427,0.774125291344485,0.005,0.216878188788324,34530000,10,-1858.93825249492,0.60930133953023
119,0.985010439140391,0.34847859245096,15.8064583856953,1.86687156756151,0.0679891997201423,0.756863228655659,0.005,0.248640703907618,34530000,10,-1859.9131475203,0.839155474902296
383,0.678241768728437,0.20265806364715,14.3669017370119,2.91214389566525,0.090037158114479,0.641596620333461,0.005,0.381463246640218,34530000,10,-1888.58682059016,0.582837326980731
206,0.306525106653313,0.0803037515430437,0.123764578554095,2.30957775816315,0.0638292661229729,0.492929928160105,0.005,0.87574294615016,34530000,10,-1900.95952921778,0.739259632561282
18,2.67197940100133,117.865769761627,108.888439662811,1.73492162602225,0.166794352138913,0.680673616049948,0.005,0.097542545017066,34530000,10,-1919.81232795706,0.514545211328763
247,0.853513393536762,0.438198385951554,21.3478123163115,2.06224072420119,0.0923909824949265,0.736416773829245,0.005,0.29746748333481,34530000,10,-1931.84109822655,3.79608945040404
376,0.280920520808277,0.0668220456474033,0.091149318338905,3.57979901054849,0.0775671063982991,0.609625012621531,0.005,0.905545751472839,34530000,10,-1933.11338080195,5.31891192746256
241,0.314983453417503,0.0824028189199666,0.0815850182355906,1.76322450361459,0.0925652729032982,0.689383417242542,0.005,0.861472381005277,34530000,10,-1942.91504944824,0.953608800535815
293,0.635785967210465,0.382782366510438,0.307848439215119,2.26444077360377,0.132185179830729,0.775725098713682,0.005,0.450962206696497,34530000,10,-1953.04799205068,0.495612761222619
333,7.53015557206689,8150.8651520282,73.9315411272411,4.32633591566045,2.24293319683087,0.21404917091492,0.005,0.217074763620151,34530000,10,-1992.69483651776,3.4931874730041
16,0.744164590968661,0.587655645533509,21.1282755884442,1.0776432353604,0.109219689831653,0.836826411901538,0.005,0.370278502057435,34530000,10,-2018.862690487,1.21553259256183
148,0.559580152875767,0.343135747240091,0.429450609615011,0.583992044199562,0.314184046547524,0.656546068355093,0.005,0.947737035374142,34530000,10,-2020.36870841034,0.774132034240393
86,0.275014285623227,0.0935989823401412,6.90035614124871,7.29497781028209,0.102684075670266,0.397872993887688,0.005,0.972044585186335,34530000,10,-2021.72646648738,1.14641081059585
386,0.691689799008344,0.528883359970808,0.740876334437895,2.21817247177971,0.37562290332253,0.889327798087737,0.005,0.733817188028256,34530000,10,-2024.58557179522,2.2027018976137
9,0.400463618805404,0.251183666711503,0.343644836617276,3.23027708730871,0.205618191407502,0.651958941133845,0.005,0.85711066135679,34530000,10,-2028.36090983241,7.60652299421538
379,0.384819383065417,0.218546949731204,0.330557406394706,1.445066680272,0.198927786064366,0.64343603240346,0.005,0.924815431916497,34530000,10,-2048.42673862601,5.82152607221222
146,0.316874591133945,0.191648367293046,0.190087351438069,5.07694595579673,0.140052949339662,0.534837779497802,0.005,0.896349124052663,34530000,10,-2058.78103939386,9.52943520083257
126,1.05934846064704,0.774962334617412,0.909469222004688,0.583941946108248,0.70703112378272,0.859898444719187,0.005,0.867548318274864,34530000,10,-2064.37288840923,0.826763134245637
62,0.306127075019983,0.162456143147106,15.321533547522,2.63860880840347,0.139475018467037,0.56222680694174,0.005,0.956648518525018,34530000,10,-2104.39820982306,2.805218473601
26,0.412551541804768,0.219389871075979,34.6325954913938,1.03863587432785,0.153105160311312,0.802195868420515,0.005,0.757627073909759,34530000,10,-2138.75170527615,18.7015688121783
85,0.907003465426928,107.568416260025,94.1789923384031,2.17657773806261,0.233421116958314,0.42762266274265,0.005,0.393228546458206,34530000,10,-2156.142541172,0.754902246433693
75,1.19778482489288,166.902977888056,301.705342432811,1.8103876608215,0.185798293001057,0.785458952939557,0.005,0.249565426294592,34530000,10,-2165.82121890531,7.87059424696188
179,0.508729456005135,0.36737200245271,0.567157066531281,1.60213585344557,0.323263457209553,0.680787933995098,0.005,0.906446514679891,34530000,10,-2168.30117712992,3.72259210310342
367,0.43509820853582,0.300753283887027,0.428062418509546,4.18229844714806,0.262100893265872,0.737539828575124,0.005,0.871466490895309,34530000,10,-2175.03168425504,0.911295738840169
79,0.560973164937344,0.387577300768199,0.458774126243123,3.56477472674989,0.296729548801799,0.688346816556928,0.005,0.709498288982938,34530000,10,-2180.29801475608,26.2834329193938
106,0.64196455190816,73.1550038982772,83.8862804179135,4.13216360104244,0.237835347058682,0.493064702173337,0.005,0.561113461596202,34530000,10,-2188.55128248423,6.65454879068604
248,0.534455369584306,107.645404637731,66.7421893605253,3.82816840731946,0.34906803117521,0.373699251698232,0.005,0.903757661619056,34530000,10,-2191.8871784753,1.40360420141035
10,0.494230317406008,0.437295685593554,19.9511577139586,5.29027275203917,0.137098985916931,0.787621733177231,0.005,0.529963570560855,34530000,10,-2203.28155447047,3.81717206078235
66,0.593101216151988,1.83928060602503,0.775127483323458,2.91410141748341,0.229553252118068,0.70615357966625,0.005,0.569554288973901,34530000,10,-2225.16843812811,1.45398562578545
70,0.788680336779858,0.397514784542812,0.399882350118969,4.0045870751834,0.25470247662407,0.867854669834189,0.005,0.399403180930857,34530000,10,-2255.26784068316,3.10850812165415
369,49.131557234891,1796.11917991424,87.8758534536549,3.79121645609951,3.84628300286672,0.165759455212969,0.005,0.538061594049888,34530000,10,-2261.388395095,1.02726032243771
228,0.64582879234081,1.99035271325026,1.3247117299558,2.32990067568223,0.313375531156458,0.803174717643898,0.005,0.660320206639099,34530000,10,-2274.88618520201,2.83535306683335
339,0.346240651702518,1.48933121730657,36.8864521572353,5.03753333577222,0.165376626264542,0.873059109966935,0.005,0.819735098861255,34530000,10,-2278.00722723369,37.8195113819945
102,1.36645716387587,7.03204922805002,2.49918193422068,1.07128448125008,0.422238449266262,0.572012197349468,0.005,0.367312289968075,34530000,10,-2290.6070767878,3.31159846377487
43,167.60605461191,188.653359662742,115.288564190923,14.1133700165876,11.2952004738705,0.217520219012013,0.005,0.662348892977832,34530000,10,-2295.99090260544,0.965507082925943
129,0.709607124927533,70.9945717044275,99.3827740911697,2.36254982580111,0.328753768389563,0.436364258714892,0.005,0.634105137671008,34530000,10,-2300.12047523051,1.93680194284482
157,0.327773930792142,0.346564252810985,31.43031399076,1.37433833163802,0.177236101938401,0.797073067859146,0.005,0.963785276238549,34530000,10,-2301.85227820836,9.4387495371872
314,0.499665664194846,126.120233630829,83.4043119813885,7.42615805300694,0.349744589889079,0.345797581249646,0.005,0.940481073457621,34530000,10,-2316.53693179131,9.06470071661935
364,1.33283050956903,188.340685546561,115.721188206045,3.51143730220894,0.31610375975927,0.505968709316462,0.005,0.290750022235451,34530000,10,-2328.65900343473,2.02427482090745
19,0.875939776644562,868.703691796942,110.197126755366,2.33291331827342,0.332195911199255,0.410697268820552,0.005,0.50046469742638,34530000,10,-2331.12196445087,11.2675186029761
381,0.454468398169736,1920.27090182201,462.485379258152,0.741110892119652,0.279373861324396,0.69509780577225,0.005,0.997102709146316,34530000,10,-2349.62968060563,6.91033317000265
31,168.785057802143,158.951629514724,130.310895397181,7.88804018300633,7.20905350715504,0.743782820175938,0.005,0.323045248222609,34530000,10,-2359.31834738386,8.5095021861648
300,0.310626613125095,12.7087508869513,0.176774837912749,3.53447374944307,0.163897499869488,0.906171410937417,0.005,0.910653054463149,34530000,10,-2375.11534741055,1.4004974533391
246,1.2575658377959,952.903158288525,130.477955742534,2.74174471980694,0.276349693639526,0.600337271803488,0.005,0.282508195148392,34530000,10,-2375.25211065654,6.84621620996133
216,5.86462539903628,44.1140567502707,280.804726362886,0.171433039168618,1.42671001359628,0.79955990292414,0.005,0.370404831229411,34530000,10,-2381.63324348123,1.70148409731784
183,1.46214396545689,14.3395237240687,7.8330837203648,0.298526276309289,0.922656734662179,0.902991232093073,0.005,0.889793414240459,34530000,10,-2386.21485434848,4.65149773722339
196,0.484411539172882,2.15808621910751,2.47595194471647,1.62705921957653,0.184110192249316,0.861915830454257,0.005,0.636858091073191,34530000,10,-2390.20312090472,12.6889618403501
145,0.93466212926809,325.299017716542,103.847908230597,4.47880913229764,0.361322558852281,0.448448384905657,0.005,0.478627488373132,34530000,10,-2401.23144621659,0.884107984922705
365,0.701891715181016,2.65145792329096,1.75698344285627,2.26349673551936,0.315915154910491,0.644801030039948,0.005,0.575692977062802,34530000,10,-2461.08593566333,1.07395997422637
68,1.18318250521216,4014.53091499562,1256.74409315031,0.398186682227687,0.63463256375853,0.514350440148653,0.005,0.757810451722675,34530000,10,-2531.85013053582,2.28231272469204
309,2.91232786815074,80.5363150805192,76.7707444803814,3.63616323145644,0.286488689971096,0.838199724292756,0.005,0.0967343827658428,34530000,10,-2604.72939398367,8.59539430604885
268,101.447446728081,100.984294725415,82.4875049130418,14.5739992536513,8.46815439023278,0.461688595370724,0.005,0.865926364329323,34530000,10,-2677.72496949452,24.3063798626997
87,43.4155299213156,39.9287616626993,33.3460145556766,5.30156332599703,3.61209433651581,0.363568899263379,0.005,0.889279504703151,34530000,10,-2695.02904903666,72.0534521706739
363,50.8358746719896,48.1401544034342,39.6929369200072,11.372421064249,4.64661138935493,0.450809064004604,0.005,0.44608616019243,34530000,10,-2863.80859802598,41.2749787817382
387,0.898693037894662,0.589818829882649,0.64626367170362,3.03411832048304,0.378686532845827,0.627580438366878,0.005,0.449916644298583,34530000,10,-2865.17010055079,22.5646444525065
84,1.07310202159582,0.492692714982606,0.559012908128051,1.16778234606151,0.27446129554036103,0.884080617765457,0.005,0.287896323153341,34530000,10,-2872.5688049099,0.758308084430382
167,6.82783714571269,1290.42506943989,117.645372990681,13.1054477267716,2.37966455568226,0.330080280079089,0.005,0.218227911277285,34530000,10,-3270.47547507299,145.977635040733
374,16.6361275402476,10.8049870950268,8.83217113676718,6.1708833446109,3.69334528866683,0.618696181571271,0.005,0.0574392184355446,34530000,10,-3635.67813527241,41.9789176467786
324,1.06789276178485,0.562355387672132,0.381464363415634,4.0349870951283,0.414263009680759,0.869534883772491,0.005,0.319043449274884,34530000,10,-4156.67283102932,216.032255893833
322,1.48667543369835,13.9801866414495,5.57005811985135,3.38251408310149,1.15314693724124,0.475807417778165,0.005,0.688529296645379,34530000,10,-4750.53199525735,9.8335158069163
258,2.19020495572231,1.44252109172906,1.056701705519,8.87712556928913,0.388182798457428,0.912383252280632,0.005,0.101327993490972,34530000,10,-12627.2464618364,987.914254794438
7,1.24358904559439,1.55733590649247,0.402094726938454,2.84142928895811,0.45905900160124,0.840664079713459,0.005,0.232073675320566,34530000,10,-25729.7907950138,432.517301089577
224,1.68620067447751,650.658684773347,1541.08761126959,1.40848416349943,0.408822856793814,0.559934728137988,0.005,0.209970419472947,34530000,10,-37100.6259262426,654.288201636147
251,12.4929990158962,923.914468655953,213.879493509553,11.4798590605392,3.88803624057355,0.484073870645291,0.005,0.0948994707692733,34530000,10,-72890.2383595914,2328.68701888303
240,2.24372455006357,2181.22936312434,115.819239376226,10.5695782017001,2.91942254597278,0.251305936951234,0.005,0.957527129641565,34530000,10,-80282.7667810451,3806.37330796318
218,1.66929541416885,28.3929531455258,44.4856701448277,0.791317057637896,0.421409818176921,0.593061954892837,0.005,0.207566926301406,34530000,10,-88180.0651571238,1292.65428419124
372,0.498012381324743,667.328915598297,57.265248142609,4.84455162937806,0.457883131947989,0.39859737934374,0.005,0.865757449722838,34530000,10,-161889.726049948,6152.12399174649
58,2.12108748349373,2115.6458069872,1829.4872573936,0.245882322182803,1.22096000028068,0.677099709400578,0.005,0.46319086963760697,34530000,10,-250521.662044869,35230.3720879426
34,4.47669843851004,1313.65421424079,399.694444936261,0.376981872257706,2.3365321689678,0.794120068911448,0.005,0.308170884559196,34530000,10,-851570.086860835,11982.5796693824
82,2.24956737901765,862.637529382486,152.297984670053,4.6993877712263,4.39298759217816,0.300146000040451,0.005,0.780145674218546,34530000,10,-1071616.81128018,9077.11125959374
307,0.601072109837345,1445.4413674637,297.048020533788,1.03857597513799,0.587707108443466,0.547890441087768,0.005,0.820027403037696,34530000,10,-1355873.50425296,68435783.0067758
336,1.00288455580917,223.704229609636,28.4105386106699,1.357414994615,1.08735068632023,0.35164471651248,0.005,0.86232823243571,34530000,10,-1621963.49631707,24823.9646390329
354,0.928712638957443,1847.51323642844,95.6797490282866,1.87980350142773,1.23403270479022,0.431970657168953,0.005,0.927779545404878,34530000,10,-76633872.9889418,1678053.78756533
287,1.18044542418033,225.260596923282,122.772785575976,5.25391046674859,0.513588517202635,0.48993666258457,0.005,0.329618436741906,34530000,10,-77419438.0493167,3040439.6036126
104,1.16344701634549,1076.999250721,438.891050720802,5.43564563842617,4.77503655390885,0.59679219338613,0.005,0.945196314192181,34530000,10,-90292553.8968538,93624.6522513449
299,0.229271818388692,1404.79962821839,101.44541695696,0.641675530426703,5.35316267874643,0.454628619791672,0.005,0.912521698971135,34530000,10,-90427049.2721783,14472.6635734811
340,1.11394044017814,2.17526977819642,0.49333668477118803,3.29513979905574,2.62687912846872,0.831197021706799,0.005,0.160662554065221,34530000,10,-90444225.4025331,77.8179548576474
101,0.305130408399865,1150.21254784432,93.2164507934551,2.99802240791463,5.17726879753738,0.345211571291154,0.005,0.595996117688213,34530000,10,-90444551.9882459,3093.01677030176
358,2.81811925746658,405.524753680494,46.8861765840808,6.77987201971384,5.2727811693876,0.381438889884179,0.005,0.218483816733717,34530000,10,-90446566.8149748,1721.86983176172
203,0.505922991617207,3212.78933932035,129.376621695612,5.3745370710538,4.16563227049742,0.410676064251066,0.005,0.214211131380791,34530000,10,-90448270.9208104,206.939014305174
294,0.219197786024953,3215.54061210225,32.5914539280208,2.01855538910725,6.96677917449689,0.430329854747427,0.005,0.397867569662264,34530000,10,-90448478.6350759,4.06974674843405
242,0.795231707850452,1774.56053223184,15.4622860194754,2.37536967092685,6.17576442227454,0.409616319351691,0.005,0.199113787569768,34530000,10,-90448479.9935888,0.554122031101065
285,1.25395591187523,890.008606187165,71.490472889887,4.70180503565207,5.73943136263089,0.30604419406073,0.005,0.278911368150849,34530000,10,-90448490.8405233,0.665446416665777
112,1.24374111234035,3.09795088122952,7.05468441546473,3.78068448069325,8.80225987661979,0.729958398270666,0.005,0.174893609947002,34530000,10,-90448493.6109164,0.42318345642829
213,0.682659758227418,1648.56708311195,121.816769996285,8.52233462079593,12.32739886929,0.31666810100211,0.005,0.148899818095874,34530000,10,-90448705.6473834,5.563689533957e-4
188,5.18617098741713,14.959329528568,13.8138043186154,9.46742584902471,11.9235091469951,0.410053690290156,0.005,0.167371307301243,34530000,10,-90448711.8741397,0.00565926876750751
