"","X","b1","b2","b3","mu_EI","mu_IR","rho","mu_RS","eta","N","k","loglik","loglik.se"
"1",310,15.522394503876,281.252566280544,4.4390231476517e-05,0.143676451337903,3.46221786231687,0.056537290251237,0.0218245840992589,0.366957646581189,34530000,10,-1534.65529659372,0.00465780329040019
"2",108,0.862733985691593,342.971080615813,5.67239897461759e-05,14.0792064055181,0.136783601058579,0.074372969977333,0.0185563708318214,0.345312545209122,34530000,10,-1543.84269764861,0.0157936368199468
"3",35,4.43737039399853,2026.12016521005,0.000200893796507766,8.95020497591395,0.0213370472266616,0.673204596667331,0.00346721507741166,0.0267263520649837,34530000,10,-1617.16423337647,0.0382117329280788
"4",359,3.93200678794927,16.1537631870432,0.00199544844866869,3.41199122812369,0.0125530267925372,0.820627271319314,0.00386847871818135,0.0371613038917605,34530000,10,-1619.71768839535,0.0645254630231197
"5",185,2.6021424208849,97.0182395019288,0.000795830870319025,15.1904718470092,0.0244798856751206,0.448417167110442,0.00486285215733228,0.0617397635377805,34530000,10,-1617.36735785222,0.0345511887667722
"6",11,4.96680437240915,231.250169565474,0.0138634176669661,0.0385949884127154,0.0228474579945815,0.369165321036817,0.00269909204355843,0.57042758566731,34530000,10,-1617.43141987141,0.0227236289272129
"7",393,1.43567321797503,17.7836384806403,0.000546807294815586,5.70389081262301,0.0374151131631569,0.208407306182398,0.00874461824853631,0.152590523575289,34530000,10,-1618.72089759917,0.0236547271330973
"8",397,4.56419828505934,1802.81716221025,0.00470614184775352,9.27351677802088,0.0256922971494669,0.587694447662883,0.00370972869990623,0.022544494513076,34530000,10,-1617.86851729271,0.0291827804673779
"9",351,2.37593507007101,36.9932189368819,0.000688564363962569,5.51930504658672,0.0337845123370969,0.316324704492704,0.00584730084043598,0.0713899262475522,34530000,10,-1617.98450032972,0.0326655841208971
"10",270,1.49383181349609,45.4886087666485,0.00464971828932677,3.78129386514919,0.0363500520213177,0.227091972806337,0.00780000218662547,0.153782744345485,34530000,10,-1619.33794921187,0.0319722329784093
"11",197,11.5432352100098,185.680325845744,0.0103312339964382,0.266218053415921,0.0186520884792673,0.791731260667186,0.00338227190051894,0.017864083948041,34530000,10,-1619.92962266249,0.033409708958283
"12",95,2.34731561476808,1264.47650784049,0.000355509538976067,10.0520373573705,0.014521991629522,0.621658829226339,0.0042910058535595,0.0828318854854028,34530000,10,-1618.84943829496,0.0318897759773632
"13",170,4.36496672231895,352.05597540815,0.0113446168350719,0.792337106564172,0.0113567785809394,0.895127140624897,0.00366481074238563,0.0536240013680647,34530000,10,-1620.34783350923,0.0538410713675453
"14",346,3.95023642777256,97.3188199989928,0.0383081677317566,0.562732378181786,0.011678919606752,0.781256513236841,0.00399184383940374,0.0745703824279589,34530000,10,-1623.27474553009,0.0642399229958846
"15",230,1.89189891911096,654.174088124635,0.00266039201566531,2.868496355066,0.0181212959013962,0.427368416210626,0.00559561487534199,0.120558963227065,34530000,10,-1620.64479824825,0.0282804850676335
"16",313,2.59077783049394,50.8701076037705,0.00356972123921148,3882.6754837566,0.0156509719911183,0.603736419834828,0.00432741452187444,0.0675482554592554,34530000,10,-1618.47108951253,0.0296863260745072
"17",151,2.2901750572939,39.8691238367259,0.00826173176465981,7.56599613223421,0.021974972009122,0.429359595721324,0.00495785335442277,0.0823641070608594,34530000,10,-1619.17072006806,0.035718980164825
"18",24,2.03459244644822,286.752878116613,0.00313180609500159,11.7172381436174,0.018268388147447,0.496151148093826,0.00473772171558818,0.098296659730615,34530000,10,-1619.20410144617,0.0384038238892687
"19",189,2.28062374894372,324.6571018463,0.00555508257456019,1.55254823633579,0.0121725429439285,0.615414035663958,0.00482834009485039,0.108951961248588,34530000,10,-1621.80549227362,0.0683864779317661
"20",117,2.03985443844287,1589.76328928785,0.000724073254492496,2.07647896614592,0.00687571009899676,0.909942943951068,0.00499512916281695,0.121726547028263,34530000,10,-1622.55884429233,0.053393893974752
"21",283,1.18185266316048,202.423327107015,0.00954878782073759,33.6170222851982,0.0254021724730088,0.25905283044031,0.00779931830627818,0.201245500310413,34530000,10,-1623.12929187627,0.0269426293819273
"22",199,1.34527107365415,33.7962258206626,0.00337696559721852,10.3400564198008,0.0262941041135532,0.280126755847059,0.00696989271574831,0.169629924382536,34530000,10,-1621.48899114292,0.0336427074769604
"23",276,1.67120904405282,128.384169484168,0.0133094911980872,14.9454344538874,0.00988742914142052,0.681378000474784,0.00475395144459154,0.139053697092849,34530000,10,-1622.92123578323,0.0340347166377424
"24",180,3.10412423900872,6144.50177397745,0.0160782153542579,10.6539076700213,0.0158603052110517,0.621136283448311,0.00421759825570797,0.0507928381894443,34530000,10,-1619.41045477529,0.0510178144993145
"25",271,2.5093516264988,144.0142714538,0.000747443047706521,2.631183704327,0.0140985883641948,0.617426244404607,0.00438220938158565,0.085030086524585,34530000,10,-1619.62958484482,0.0456182299607357
"26",392,1.18928132408747,220.189104990874,0.000251338734866552,4.20602042173994,0.0208523836701351,0.29919283496254,0.00719740025162191,0.220518910384263,34530000,10,-1624.20838339202,0.0296998973609275
"27",223,1.15434000667114,256.482735763478,0.000134056897617489,20.8359018740597,0.00992916663519255,0.558849478704409,0.00575963241918636,0.221751124535967,34530000,10,-1625.08780612849,0.0441587413675687
"28",328,1.87877467222756,9.37557728657668,0.00124446209800931,8.68955676588618,0.00807568636772731,0.860305278251757,0.00440667425315403,0.11869962356178,34530000,10,-1621.8413180296,0.0530588805557333
"29",400,1.87529236648297,17.9376877928761,0.0064703790793326,0.568364859717652,0.00916917772184582,0.632290832674197,0.00505452122769349,0.214597903590702,34530000,10,-1628.91685106508,0.0932769025805468
"30",17,1.33540154488022,63.5117317366186,0.00391461539699983,5.10989544410918,0.0117695487361413,0.478912395223743,0.00597029771394151,0.194053379141896,34530000,10,-1625.25969353099,0.0398472861302838
"31",50,1.27780056066028,28.2794521333127,0.00417224254582082,8.3134578445112,0.00912379049318151,0.572579966694423,0.00569233348279002,0.204173021903734,34530000,10,-1626.43126767831,0.0916291463205086
"32",205,0.965551078124917,9.15034358927487,0.00962276389438548,2.06139291216546,0.0171074468846865,0.304882659283903,0.00751912651944381,0.323441702577066,34530000,10,-1631.82290773461,0.0448382278755244
"33",61,1.02910976377634,13.1013414727666,0.00214355074792776,26.6468281814584,0.0120495028989564,0.442612551236885,0.00607526081830982,0.258674122940027,34530000,10,-1626.85069560789,0.0539555262363924
"34",341,0.94745806597431,0.47350934323832,0.0139774777937718,7.51021157094914,0.0064731172671827,0.707745414801031,0.00596893778475336,0.297951777667028,34530000,10,-1633.91910006715,0.0790316088519707
"35",128,0.985545862823871,25.1714686678617,0.00873386333332165,14.3850730989031,0.0114654376280473,0.41809107130552,0.00697387031440021,0.27284165541553,34530000,10,-1628.61339481767,0.0548919840101349
"36",361,1.37822326297401,15.5539237815006,5.67586095873303,17.2778495668263,0.316858746274191,0.0691571508426138,0.0137663003001451,0.28937904848786,34530000,10,-1631.97434342621,0.00804516670532008
"37",40,0.762283902962636,3228.71401187313,0.00100551728306058,11.5874090644858,0.0151464119401437,0.303950425233062,0.00807435345199981,0.380624695006954,34530000,10,-1631.09492695098,0.0603371737594451
"38",327,0.840423315210065,62.0174876883988,0.0184933016047142,4.98417988217442,0.00533719217450792,0.710254664602919,0.00701777484714727,0.359996569376702,34530000,10,-1631.74987412969,0.135631527614268
"39",144,1.60600030780951,309.189480831882,9.71966168971049,184.471978193731,0.367469426464596,0.0685996999731619,0.0131362334176272,0.25692688885559,34530000,10,-1638.0022716589,0.0173737919445755
"40",103,0.937383540303331,117.59519059408,0.00244326714636501,2.47637267694424,0.00626524350873509,0.698393617555718,0.00592349676568286,0.3368813042844,34530000,10,-1629.71901646041,0.103225285736821
"41",76,1.30247600119055,1236.54306450794,7.11154436962875,20.2730958343983,0.329911070087148,0.0667375441707723,0.0141491029206355,0.32517951732492,34530000,10,-1631.71229892154,0.00593679435931836
"42",292,0.749657074236451,9.80932619515837,0.03050056590884,6.78398718721238,0.00582102617680118,0.668608959328255,0.00626665774845843,0.40576209996574,34530000,10,-1633.10053213643,0.142870820911378
"43",194,3.20312641891101,132.653958675096,14.3887635859321,12.1188802462388,1.10100613651137,0.0744378407756536,0.0130067116529302,0.283702223726379,34530000,10,-1826.86229751058,0.0792967673843685
"44",255,0.690784587595337,38.6505170586971,0.00389384210164296,3.62350640048353,0.00660065541444678,0.522639300436733,0.00797741679943978,0.474557814894133,34530000,10,-1635.76135140405,0.161440117380934
"45",273,1.51335442602823,328.240859883355,7.85198346053302,34.3395460808245,0.334476549102788,0.0737514987201704,0.013009703719009,0.26610322275782,34530000,10,-1634.44598107588,0.00575626325369378
"46",250,0.574439324700019,9.97317148153834,0.00415163486524063,59.8156204610513,0.0046332642476211,0.682451474412842,0.00812315921077961,0.543372737686382,34530000,10,-1634.62077625718,0.24984289037458
"47",124,2.44704874593922,258.214509676548,12.8710925560411,31.4784093680589,0.820725628649262,0.0740347564884777,0.0132541433757127,0.287772756992397,34530000,10,-1716.23941688838,0.283554448302258
"48",212,1.14097717171844,9.24910380002958,30.0598370085289,1.67370035537699,0.00474799187385456,0.910970934217395,0.00580367429375566,0.286467314455795,34530000,10,-1639.47339338847,0.0915976944217141
"49",22,1.42699033371839,2.30688794555947,1.04549665986981,2.24595091287936,0.00603747506294741,0.898859414186786,0.00484088549352011,0.20287430935337,34530000,10,-1639.11450941482,0.10381942003571
"50",73,0.916536347965841,21.7804286166744,16.9355029226519,24.700682738599,16.5027800466619,0.0882940770971468,0.00586763641579382,0.227247770861059,34530000,10,-90448693.7152455,0.000215151674961049
"51",164,0.419371906875902,14.7777067533655,5.26679790988645e-05,6.18082598540913,0.0242544262413994,0.144823457095124,0.018858848655475,0.827424911710495,34530000,10,-1638.96507125772,0.0314883342452618
"52",298,2.80210451095308,2634.43089655497,896.569895166397,4.52460089083219,0.00900248025421621,0.924711801797226,0.00385847936280449,0.0712585601362124,34530000,10,-1638.95852164988,0.0388792133068621
"53",59,1.84141015281867,125.807197926636,0.225846317852154,15.9055454491226,0.0086865891844155,0.830083053403811,0.00419809445406703,0.122551947884075,34530000,10,-1630.51396705031,0.0419497040560156
"54",234,1.96757172819479,6.69938917364166,630.045788559557,24.8093332766979,0.00713255442240541,0.907496828808473,0.00450178450041491,0.111017981952399,34530000,10,-1639.93802518679,0.0513291751900025
"55",161,2.33561314810903,513.202521862317,174.356496294279,0.82655693076742,0.00824989742819152,0.797373039155718,0.00447328589538215,0.135074073882942,34530000,10,-1640.60372321501,0.0658285745371045
"56",315,0.634872338035172,9.38347659820683,0.00764629450728001,1373.43694281839,0.00667427627599968,0.496844423156023,0.00844639131091497,0.481669010314415,34530000,10,-1636.45768095839,0.0895514088847989
"57",30,1.12699721492571,59.9820890779703,69.0472614634225,2.09884028972862,0.00591952769679337,0.847133000796036,0.0045852979639597,0.281934724269031,34530000,10,-1638.37710817656,0.0719844832615934
"58",389,0.737286662109065,39.4574452375166,409.47409997444,1.42217649700722,0.00529614921679993,0.858643255563106,0.0023280348421429,0.510964852099705,34530000,10,-1639.61265662536,0.0458189412056267
"59",96,1.74020691764989,60.9032033565613,153.375193364488,2.32851761577556,0.00742442261553092,0.790671944311235,0.00479319601888026,0.155099436975854,34530000,10,-1639.84480224701,0.0914498702338321
"60",334,0.964980970215989,2962.88444663761,1.69215443840527,127.76035915426,0.00621111701462725,0.772986920882491,0.00476280156525761,0.293068909417172,34530000,10,-1638.79461027443,0.0609056703272845
"61",15,1.2200253825295,115.217855693371,16.8523819945773,20.9810738877758,0.00707994832341137,0.754177116447728,0.00511076461712268,0.211024656150613,34530000,10,-1639.13789795971,0.0760297960382594
"62",88,0.744725605349517,9.60575086334915,30.235535261095,3.1685295548191,0.005539870817606,0.773445869288567,0.00433561134324431,0.440732507761825,34530000,10,-1639.84351753954,0.0443566574510278
"63",239,1.16624458327286,17.1954371762382,10.3296062662135,1.11796116712983,0.00640226258065312,0.813440078204024,0.00403573102003461,0.310582022231162,34530000,10,-1639.72151014464,0.0632815380678412
"64",375,0.683470785675617,3.48536272498473,0.0215207825554051,1.80765589461586,0.00407623061533028,0.833340946050765,0.00589150038434226,0.532473491590454,34530000,10,-1636.22533938538,0.130959411959897
"65",385,4.09814630860662,25.9051006932298,119.73191487161,0.477177518572623,0.00976262434640182,0.821623186155013,0.0042048008697716,0.0797987751390183,34530000,10,-1641.41778392568,0.0693656924173653
"66",47,0.48735265839714,1697.35574324914,52.9576424606896,14.2160712005025,0.00470696587341269,0.892381318483743,0.000132078195553207,0.655816273256238,34530000,10,-1637.58322532476,0.0561319636284725
"67",135,1.28726487005071,23.1095925227537,7.05684105969858,18.2641561648439,0.00690873422436322,0.805371831812237,0.00494088158405959,0.197707103023108,34530000,10,-1638.35987479345,0.0486284627558767
"68",343,1.38465597108861,6.66487708120102,126.636416235353,16.465583358116,0.00769329577288016,0.747732592008908,0.00474605186480891,0.182025323549992,34530000,10,-1640.31567627335,0.0425202230409036
"69",193,1.16359050224763,6113.10110627417,35.4882329888726,18.7832151930065,0.0070176029200643,0.722407575952679,0.00527580094537776,0.22399205910048,34530000,10,-1640.24814354338,0.0645842620377191
"70",163,0.541426931897217,71.9424240013451,0.000785476473478954,51.6839688384411,0.0133949156219762,0.277641290306042,0.0106919099958442,0.564823115779853,34530000,10,-1637.68460236078,0.101526834519154
"71",335,1.3769226456482,312.967154460572,0.179603738645194,48.8835242616562,0.00979899848137231,0.65277164308519,0.00451279061473905,0.177876777490144,34530000,10,-1632.76106118641,0.0418976943544595
"72",72,1.67189982056025,1743.14706667698,11.2699250903029,2.39157141617734,0.00911926577833275,0.702856375750818,0.00467600710291074,0.161025504611879,34530000,10,-1640.03773142945,0.063782858073728
"73",352,1.83696888317951,28.8288729188474,9.31045318974877,4.84491246062329,0.342418590786507,0.0915237904915527,0.0113509014606629,0.208024704033524,34530000,10,-1641.41980895538,0.134177327150769
"74",356,0.569017286971742,12.9430847172203,661.825456523227,5.12954327392016,0.00501020481385757,0.736055826746048,0.00389507631310856,0.584701611047321,34530000,10,-1640.83188662756,0.122214218427133
"75",289,1.03894257493948,14.3331229488337,2.46297158586355,2.39088644453216,0.00596864436822539,0.819136325746048,0.00469762621101073,0.300004577945093,34530000,10,-1638.72587161132,0.0477954806321399
"76",269,0.973886722222827,4.93969314436905,1.85586091382627,33.8936232969883,0.00634743679022013,0.750229838686427,0.00502288366154701,0.28570784515332,34530000,10,-1639.73120987205,0.0496073836768395
"77",219,0.520758659422679,1.11088025082809,219.343558050972,3.6572166553514,0.00400720890024959,0.921272285032787,0.00104965668403027,0.671546856963583,34530000,10,-1638.60262801232,0.119012341951903
"78",140,0.71686628271241,34.5202932512764,9.69937868534224,0.596333839731325,0.00392660449889961,0.837536927971795,0.00340442181759895,0.71294829739254,34530000,10,-1644.43935549986,0.26142505671073
"79",214,4.11591854825837,31.9533163987164,0.00526462224350405,0.629965914736486,0.0203577225623645,0.496296563071271,0.0046027290622705,0.0596222244741236,34530000,10,-1620.53596720932,0.03324132426099
"80",63,1.19945901480297,60.5020437124676,835.976667653691,64.4699421049696,0.00783349099234003,0.684115404593556,0.00516595128759155,0.216071277159209,34530000,10,-1640.19380620708,0.0692390571850353
"81",280,0.374164001093,10.3707746615663,78.049000790291,45.1082134822367,0.0030223090450933,0.904681964753115,3.9840835593366e-05,0.910793667082655,34530000,10,-1639.70248718304,0.125630895000111
"82",394,1.07574354857028,83.190519872018,3.39884703092143,2.24510392578154,0.00636588749701256,0.762578508692155,0.00491575981587542,0.291761688740215,34530000,10,-1639.5616372442,0.0557864902151698
"83",127,1.40156407230137,22.1846712682111,2.96739359708028,12.4480026195897,0.00874932630467515,0.667443930188618,0.00500052214671198,0.175405377631175,34530000,10,-1640.51855780068,0.0412752148602365
"84",263,1.36355306596001,80.2234489496102,4538.43996218943,3.99575899667981,0.00849127852499497,0.677446221584601,0.00512624234797309,0.197747953171499,34530000,10,-1640.75033649589,0.101559346171439
"85",53,1.12005847589072,20.6896985196279,0.0115528317882403,10.218873586575,0.00850892872332084,0.625003048597367,0.00563787109872335,0.233104313625705,34530000,10,-1626.62515064323,0.0555718497265023
"86",371,2.65204155685409,37.190007603371,7659.29878480518,5.0039905283416,0.0116802875768469,0.716763831675829,0.00426877669834289,0.0715050932922016,34530000,10,-1641.50642814448,0.059877477116516
"87",236,0.852934706626409,283.583509722862,1344.57265025313,1.78216538903607,0.0065215468189897,0.696171032144591,0.00448705438631448,0.407261690092494,34530000,10,-1641.39971877183,0.0545075264548053
"88",57,1.14956041002971,6.00747482241249,283.225039942406,7.42750812750719,0.0075775305025441,0.678850689619484,0.00531868329368273,0.235436772631493,34530000,10,-1641.12833664626,0.114446683533955
"89",2,1.20432999323427,796.603823885112,16.8450905432586,115.362507236309,0.00687509950447668,0.684048255627199,0.00583282019175899,0.215350877601917,34530000,10,-1641.92349295697,0.085789482943503
"90",301,1.17101688386315,1454.46109763146,80.097399261948,7.58909296927236,0.00817061153328063,0.666278248204172,0.00507970132862144,0.229702917702712,34530000,10,-1640.38793666127,0.0602393223143756
"91",227,1.39936249334916,217.799564783061,38.9027178330986,3.03444169481107,0.00821838970356914,0.666425568322061,0.0054040725468106,0.200083241334975,34530000,10,-1642.00964336983,0.0589937826586779
"92",296,0.485230115281781,38996.2105343797,537.015188423982,11.9512631882599,0.00396087456063792,0.790907246757215,0.00544067702977743,0.68094371502605,34530000,10,-1641.05534682466,0.0990330091064902
"93",245,1.79543428920856,48.0863532699286,15.3915262981016,22.3219500300905,0.00998028925949649,0.665483474984369,0.00492030657224908,0.121202543002053,34530000,10,-1641.03434365579,0.0557665325571471
"94",131,1.82446701403753,3.43705424558197,21.8377329218335,0.192144104781769,0.00735543398134858,0.683178756096818,0.0033808495550266,0.453207419192923,34530000,10,-1641.41422762926,0.104177691247002
"95",291,4.19585934567146,22.855940545908,31.3432695170942,0.687711040857291,0.0127534899219216,0.75584572162871,0.00394398322088579,0.0597506418317674,34530000,10,-1642.01761608046,0.0406816576350317
"96",14,1.13727157600555,9.45109363569688,451.107780694252,3.21251262847243,0.0078142893191594,0.681165702260347,0.00474068702216685,0.257608896262033,34530000,10,-1641.05361615154,0.0687062553921149
"97",231,1.39749631357769,3473.63014361509,3.0915224259616,1.3137931706168,0.00781261837484576,0.69062574098423,0.0049054586570824,0.234140168097036,34530000,10,-1641.02536151858,0.0881770446229122
"98",56,1.03049112450166,5.94046994866427,22.1050059984297,3.85470530798161,0.00854268359029783,0.626316468880548,0.00474454398349857,0.284103743129023,34530000,10,-1641.97286776785,0.0561846252349069
"99",5,5.53405077692711,1964.33740300903,26.1580099720309,1.42844400349233,1.63937543487963,0.0879865789546869,0.0126023166174317,0.228241964860174,34530000,10,-1753.94419633057,0.126557950322156
"100",316,3.79880931729616,23.4048184904574,12.0244947453891,1.88762556181687,0.0124200128398292,0.790849970888799,0.00376554282293524,0.0482746526555335,34530000,10,-1641.68810670033,0.0447911498550421
"101",20,0.628808465978804,26.6825806996674,2.74123999442689,51.0687474641731,0.00544863004286266,0.721769527583939,0.00495406168714994,0.489433909704803,34530000,10,-1639.93528139908,0.0925900222205704
"102",209,2.84677434196042,14.7519293051578,0.415622609599966,0.369384216001558,0.0105036793577724,0.634615817523457,0.00490558576443263,0.156531454673014,34530000,10,-1639.19925054083,0.087133432941933
"103",64,1.13562257607719,2130.73249244161,1309.59812782761,3.48517598714846,0.0077151291072173,0.663207431873612,0.00503066148139783,0.253948108359484,34530000,10,-1641.22675359284,0.0497890601851673
"104",192,1.44926310282016,27.5192138010917,70.5227179561369,7.27242396582618,0.00975163232896039,0.624033255367083,0.00485213329684047,0.172809622153754,34530000,10,-1641.68091113063,0.0357915514754147
"105",81,4.63482780463392,85.2310787551728,190.965721088527,1.59831372155254,0.0128452970141442,0.844079375050241,0.00356227972911685,0.0346001605103868,34530000,10,-1641.87597828591,0.0696609280972262
"106",319,2.52467341300865,6.21104704487222,46.299762517049,1.16826925427583,0.0128406211804163,0.601406885618075,0.0045908398506292,0.103524359763421,34530000,10,-1644.53610295715,0.0328085976201894
"107",107,0.764611603185709,1043.77758629023,0.19638630632326,13.2753580893251,0.00676900943588375,0.633846971158135,0.00561457002700076,0.387816610097943,34530000,10,-1637.66539217742,0.0549947183156222
"108",65,0.763933346135946,65.2766203561865,234.428058424153,309.227921910555,0.00639136251885201,0.663598918962853,0.00536430154190064,0.385154135210882,34530000,10,-1640.86484211283,0.0380091032319741
"109",382,0.542539958973416,1.81891727907091,0.0128938600148889,2.93280826419115,0.0123470016032674,0.309803996418174,0.00817987788345648,0.64018258221487,34530000,10,-1644.12623880868,0.145135670624499
"110",184,0.383235264247668,8.66293425902026,141.712210709221,193.047093170332,0.0032825565666015,0.809324572531747,0.00625881601223363,0.884328072701229,34530000,10,-1642.38717031925,0.148790834252424
"111",264,0.925657738878808,19.8725263905299,8.64048945716335,103.09642557936,0.00744288819643063,0.606913386952641,0.00597632142920041,0.302272651282899,34530000,10,-1642.12557411207,0.0740728503708332
"112",267,7.52231304933229,97.3399597410152,58.5942711805709,0.0539255404233982,0.0158993976422944,0.632766385507584,0.00319484059748693,0.249784165947093,34530000,10,-1630.35337330025,0.022271817001263
"113",169,0.811118153695444,59.668504864627,1.73908132703142,5.79761147062959,0.00715672465332181,0.593555003207371,0.00623951105126364,0.375276363449723,34530000,10,-1643.21732253793,0.0445905308396708
"114",195,1.0634707081373,411.478764953568,2.1460719229501,16.4119685454873,0.00907167686910083,0.54007115186672,0.00619785506591003,0.248439121847781,34530000,10,-1643.02509837639,0.0426315587301022
"115",38,1.14509897739727,27.3526297957845,137.336230310403,2.16498106672227,0.00883192430069662,0.578965012041982,0.00525358683200196,0.269084542962475,34530000,10,-1643.18840388655,0.0376211069242614
"116",178,1.10075247018186,44.961032609945,16.0065363474681,327.735016768869,0.00863905264756965,0.587729650806442,0.00553426772780003,0.241131837721018,34530000,10,-1641.98598667954,0.0702176058684551
"117",177,4.87339844969822,51.3999214045831,1.7445924790374,0.143644927685757,0.0125259833474062,0.666031596762934,0.00425769236548402,0.16220971102762,34530000,10,-1639.09393721043,0.0626573035581356
"118",355,1.06681209590457,113.942835703252,0.0187830625320506,9.71785346428884,0.00774044773087177,0.634564468813228,0.00574412994367465,0.257897680474004,34530000,10,-1628.01227026815,0.0443373485703682
"119",98,0.55450552114498,0.920799816639893,196.399671874362,10.6992547273334,0.00699541006887797,0.689901184116434,0.0016277018923174,0.566610725116913,34530000,10,-1641.9924151759,0.0603920831649179
"120",100,0.967000122551738,124.147236251124,54.3624455585923,18.8303202768972,0.00883191330922526,0.563913443589454,0.00534712497968781,0.285605611796202,34530000,10,-1642.43621768725,0.0333344909887446
"121",217,1.16741913290529,5.45264443640123,41.0009833578106,31.597724588224,0.00858701778392948,0.630203264109268,0.00515349198666665,0.223370042969668,34530000,10,-1641.78232702331,0.0678532564033889
"122",51,2.29445402939424,140.526575081449,3756.89155073512,174.024475933782,0.0136155423800486,0.590058363724179,0.00450186692153674,0.0843030939413942,34530000,10,-1643.15776650009,0.0700565230275306
"123",149,3.69282582936563,645.527526449437,5.71477833369583,0.550424076401545,0.0129043311862313,0.624339787169499,0.00465661038895696,0.0815081250825579,34530000,10,-1643.7333175243,0.0768284143408364
"124",159,2.46377027542182,116.780341659446,0.020516524363963,3.31461741556759,0.014682472387999,0.569414501239791,0.00468843923755965,0.0827850615002938,34530000,10,-1620.93860617733,0.0488683283151468
"125",187,2.61649649203482,771.870504748658,8.36547783136043,0.783231707873298,0.0140726713900858,0.554791753161476,0.00462670266605834,0.114778994917034,34530000,10,-1644.24329948252,0.0278105240266765
"126",215,1.88996807623269,269.633256238012,205.78398790791,26.8441454470272,0.0119876606598228,0.605075378908458,0.00483635355593035,0.111046606594614,34530000,10,-1642.00879517636,0.0453542810150213
"127",116,1.79066599100174,245.984509260759,2.05161588290137,10.5372136740881,0.0123521660556641,0.577914312651959,0.00458490550942789,0.128283362717643,34530000,10,-1641.94611252529,0.0458618760187962
"128",6,0.513852616028851,12.1059357162115,5212.75388160754,26.6920200993879,0.00585499724877888,0.606287634503368,0.00465459440210989,0.625058558856304,34530000,10,-1643.37471739577,0.0978926880405193
"129",78,0.79578581783954,1794.60757301662,67.4546361852796,11.0738530155757,0.00801096779330567,0.574759723641786,0.00531078023761893,0.363626417771522,34530000,10,-1642.95144425757,0.0901529846270537
"130",45,3.31058048728935,129.712683852357,0.0224872137775617,0.539394999411463,0.0147766590722474,0.559135930539481,0.00479646978213643,0.0965209093418693,34530000,10,-1623.85213563169,0.0603937192821853
"131",297,1.70397212848817,340.072809233585,0.00379197837675328,4.61512274220047,0.0130429124545392,0.533178743888019,0.00506668307894655,0.138329174063708,34530000,10,-1622.13279567739,0.0442491507502208
"132",337,1.89922759641106,85728.6436519435,349.078905690879,3.81705463922257,0.0117547070842722,0.570453190632416,0.00485061632977998,0.124872641945412,34530000,10,-1643.5980915631,0.0780215080775294
"133",252,1.00474202336181,18.9143842589233,20.8821208892113,16.6001020017046,0.0087953096225822,0.555561415485605,0.00541416859246878,0.274946332072255,34530000,10,-1643.25808498073,0.0601969446826425
"134",173,0.82667170811274,41.7638901412525,1.27404776284136,2.6761546284774,0.00711572291254963,0.597790833362362,0.00565123153117278,0.402906301065005,34530000,10,-1643.83656916263,0.115675936692224
"135",168,1.62539254664004,1767.77848975414,0.0726735219203177,19.1778642747506,0.0124936623518973,0.554029809871191,0.00502985461597079,0.140562443105229,34530000,10,-1626.45975294514,0.0238884617620375
"136",83,1.02526537332032,27.421644702372,751.602230393879,4.44696342896357,0.010044116028108,0.549769868159515,0.00489672161939815,0.281328601373907,34530000,10,-1642.93504449642,0.0536128560631998
"137",67,1.52286844977788,19.8143504774653,90.3245158838545,1.80753023164422,0.0107775105285136,0.525758721452884,0.00565947655570842,0.189896802768475,34530000,10,-1644.57466426717,0.0750378348727503
"138",125,1.18492659563839,394.870984981861,1.02790941265608,15.8429715057296,0.0103422495890929,0.535971633930885,0.005371642834216,0.220235900878587,34530000,10,-1641.79113841594,0.0326841578729081
"139",232,0.382520788507725,73.4690852014656,163.219653313536,8.70856352192924,0.00253720092920154,0.865356256079085,0.021959264960589,0.911687662996494,34530000,10,-1648.46688378558,0.755745450230104
"140",13,1.73668805837876,8.13090860129441,54.5886087405593,13.5530192389853,0.0122239393752238,0.54253244101136,0.0051852481909416,0.127442306970719,34530000,10,-1644.24433870218,0.0460353835746841
"141",312,0.458121417723787,108.447525721659,147.466605046746,5.50358857445018,0.00608259879737238,0.646471515979977,5.12623547006622e-05,0.730703225659319,34530000,10,-1642.29804648736,0.0480893654980949
"142",265,1.47507714183349,11.2579068084937,7.71335506690754,4.29123284562714,0.00979409070600849,0.588655379148877,0.00527065208210914,0.17588841201027,34530000,10,-1642.61202042738,0.078237966130025
"143",395,7.63004597100483,39.3303000079103,11.7997313054708,0.0528587643076206,0.0173210426795921,0.572273811807382,0.00365329142472843,0.247879249730256,34530000,10,-1631.17142855134,0.0270350870065192
"144",233,0.459738103891906,47.8542224293567,838.177228086226,15.0833061379977,0.00566726972327787,0.694149486107361,0.000401552079149392,0.702917957167131,34530000,10,-1641.00810778661,0.0743820004466128
"145",338,0.370489572188134,66.760807282773,0.641504222352299,19.07696701773,0.00349579781493126,0.798262217092352,0.000294151648649149,0.923919045452543,34530000,10,-1641.22379798105,0.0737216896739431
"146",391,1.99303327657357,42.9009899295009,0.0237035624824429,4.02063319424197,0.0145818451138742,0.516589270751273,0.00490858796836504,0.114355968800612,34530000,10,-1623.13588587051,0.045105429240865
"147",238,1.95412983072907,2.89320205696323,114.856763600802,2.13965151291776,0.0135391421969398,0.494103813946971,0.00539328951992144,0.126514774141046,34530000,10,-1648.49679477176,0.0663609988634579
"148",90,2.4869239530754,299.147253592122,133.266663842864,2.81020435750454,0.0171464278592685,0.503904725287161,0.00456055617454027,0.0854977431242784,34530000,10,-1645.72206666129,0.0360478180185156
"149",94,1.0271708139893,2.07069985654345,30.5035021016911,3.34755895913224,0.00554778188879975,0.910814032360986,0.00393957390717483,0.297353700073653,34530000,10,-1639.71909829109,0.068222554814786
"150",344,0.5792076840736,9.69797762179256,2.63860320411565,3.67119581216097,0.00738194532298151,0.596146762955873,0.00285131003135096,0.573540761702102,34530000,10,-1643.51425208366,0.036761272164139
"151",278,1.49857443455631,19.2534409585542,2.53893308799535,8.29717335449814,0.0123212448920776,0.509214287610552,0.00536293793153883,0.161929572363423,34530000,10,-1643.17026142273,0.062280388907397
"152",27,0.988340707429988,67.7517538512341,0.768963736053971,6.75225892349636,0.0101420605220789,0.500175594905264,0.00563801263891636,0.285192787806133,34530000,10,-1642.8318494941,0.03284845285097
"153",323,0.359817071054127,0.933927757378301,0.283319451394751,7.27756804614129,0.003400804413415,0.787827388721544,0.00299588319078237,0.972182879781733,34530000,10,-1642.81332878488,0.320374828171924
"154",266,1.51811721272407,14.0178949361722,0.000906543562891875,3.16837771238624,0.00619233656687939,0.864437828361162,0.00522242296184307,0.175686580109542,34530000,10,-1624.35610456501,0.0983771904550361
"155",295,1.60494956430657,7312.50471462466,454.840328421931,5.92246481177585,0.0133276741561224,0.479223810197083,0.00547768149381024,0.146463622817818,34530000,10,-1645.00196506811,0.0350326617639346
"156",208,0.753482091678487,17.6617475902366,12.7836483243141,5.97501605619898,0.00804806265617352,0.525341026151439,0.00609338989176834,0.403758314855918,34530000,10,-1644.49345527678,0.10563716382303
"157",130,3.39357709749115,23.554084744425,25.1157171979238,0.280661537952906,0.0152371557680716,0.45997585979343,0.00556396814683587,0.148150444539628,34530000,10,-1648.65006232248,0.0628103582106932
"158",114,2.02269367378957,35.0922745708196,45.5829107619965,4.28756280826356,0.0162510411161739,0.473102396560996,0.00510693605867332,0.108218764130232,34530000,10,-1645.56801371416,0.0533546036630992
"159",222,0.765329278586965,45.1503739792511,0.445106191909492,10.4345999862123,0.00838551920017841,0.56219331217629,0.00469720133327951,0.39258009914255,34530000,10,-1641.40153508474,0.0326170128635294
"160",357,0.350664328226017,0.859788345058959,1295.47084575087,102.658196324223,0.00321436065537879,0.804278575696936,0.0048446222617855,0.987050391662675,34530000,10,-1643.30025909034,0.255314570640835
"161",109,0.527001568762081,0.558723672747551,24.571134020876,1.15629100485515,0.00514558436263974,0.644737696381033,0.000800167792392708,0.803574454048462,34530000,10,-1647.13742554378,0.133291326886761
"162",137,1.19695024770049,4.35823247575038,37.4348251552099,70.108138347511,0.0128603537849542,0.452058386944994,0.00561884821506567,0.212404069320745,34530000,10,-1646.37132504772,0.0492306901026229
"163",198,2.81680410379749,346.886028431497,17.1629917865931,8.78702636965071,0.0180709112489315,0.526901445387464,0.00457865491386854,0.0601736561682276,34530000,10,-1645.95323722215,0.0571699745556928
"164",353,0.35776959476577,0.00653509441537038,0.00520103627822558,11.5769869124639,0.00309680842152628,0.849254688194773,0.000450098366968168,0.964241729003058,34530000,10,-1641.16260520404,0.114534027285785
"165",52,1.29696886628456,44.5871301416011,41.5812790694431,3.60338608892655,0.0134602195380307,0.443010536908705,0.00577853640423702,0.205058156053402,34530000,10,-1645.81461075552,0.0456168432898132
"166",181,0.689357549688117,0.108651506211944,0.0338125442490025,23.1860827057306,0.00878135345228198,0.72767206021188,0.00126132445588559,0.431277123779473,34530000,10,-1645.994970446,0.0246875370391003
"167",279,0.418555836268081,297.832925294204,117.158189622117,14.7107143456442,0.00532025665175466,0.544113143893071,0.00714690200397762,0.798403953464375,34530000,10,-1647.81611640727,0.184448323408651
"168",186,0.416425373148898,33.1718986013237,474.010259741191,17.1771018107282,0.00409401605234244,0.7185816735662,0.00377180221361208,0.806741893959657,34530000,10,-1642.77554685576,0.353189448745403
"169",89,1.92356827400046,20.97197019973,35.0468952216157,2.43674844761572,0.0153440522806585,0.468151275707126,0.00526186422433684,0.125702711872962,34530000,10,-1645.77076540181,0.0294927031101358
"170",80,1.45618576447898,23.9461455200338,647.218606953199,46.771049985148,0.014204252482487,0.45842795429243,0.00549194066720581,0.160289412765838,34530000,10,-1645.0786388765,0.0386792046719632
"171",176,1.66793575802174,289.396506956776,1226.43058876234,267.265507497682,0.0146127014011433,0.454333544206456,0.00526736324310812,0.136713482341715,34530000,10,-1646.29002283457,0.0393546572833425
"172",69,0.368687065074958,2.97948223968317,0.707315451987087,20.0805740859239,0.00295999963064277,0.869974048487428,0.00532087302644977,0.932009682272467,34530000,10,-1641.6279457914,0.223438741720916
"173",37,0.582468702291393,480.658020650917,29.7851481646916,4.52939295766833,0.00860926481145189,0.495655172170035,0.0041444607204745,0.560492102663779,34530000,10,-1646.07088491047,0.0435229325938628
"174",220,1.55120544936087,1338.92770793203,0.174429232839564,8.07136753192433,0.0158269426569698,0.435836338763744,0.0054094406468073,0.151458160759281,34530000,10,-1633.28153624343,0.0362171808373463
"175",153,0.415446485249078,56.0365946266868,22.8551214836087,6.50339734265927,0.00722406737288383,0.51426678802403,0.000687244940865543,0.812465099699631,34530000,10,-1645.97394235128,0.0740456087142094
"176",115,1.83981973991583,1011.3620732744,44.3639677899853,3.82891803319337,0.0153114723532198,0.44852409743804,0.00532543162300634,0.124667130163185,34530000,10,-1646.90079449636,0.0435809745568098
"177",3,0.413121613739982,59.4954417967621,0.0163772452959553,4712.75705095756,0.00655600630714126,0.424169727117919,0.0119598322554137,0.805356043861056,34530000,10,-1645.00706325031,0.122871600415857
"178",74,0.559625927582575,2.64178158719526,0.772351766170755,9.14469752623985,0.00837834667732514,0.518486302218062,0.00360061297677107,0.56449645178782,34530000,10,-1645.22899870362,0.0287555752305663
"179",33,1.6640471140365,427.882073616576,10.0175362985342,8.99390670508702,0.349969596764502,0.0870071692409311,0.011924931904973,0.243673130083137,34530000,10,-1639.31419695562,0.0130173719672239
"180",1,0.544448525449462,100.935826360505,106.822354871457,5.10399568174219,0.00753601871944774,0.503962540195478,0.00459769005557785,0.609126977757925,34530000,10,-1646.44298125599,0.0539216395744429
"181",253,3.12077839443245,138.089612643285,61.2270388732352,34.7636006203717,0.0183594215320433,0.542360214484803,0.00436157024681421,0.0471411307201722,34530000,10,-1647.18379511025,0.0490874240910892
"182",55,0.365100598717037,7.83990537652123,3.59141766162084,6.19968884390856,0.0043597415344579,0.620027851263602,0.00120386444108618,0.974872952024096,34530000,10,-1646.06913922416,0.111173731510138
"183",330,0.903597398334625,213.975471036303,1.28327326803906,62.8633854947322,0.0104807955496053,0.440661486686974,0.00642121001706503,0.307347835277551,34530000,10,-1645.41297224391,0.0470917652059909
"184",288,0.56106633076906,350.055450753354,3579.1542452319,14.6263346918997,0.0090361026145662,0.498998280394056,0.00400127301542517,0.547755961913371,34530000,10,-1645.64388343442,0.0536879625529944
"185",320,0.690860400947433,61.9402793289265,208.573311401548,2.04094923767441,0.00766799183091631,0.538984448213427,0.00492210393866953,0.507690869740702,34530000,10,-1645.65982730026,0.0768609193238908
"186",221,3.78131655627082,147.540144600163,1430.46658737633,6.01611350266449,0.0199714336994553,0.563550054142809,0.00405486202036858,0.0363116321087396,34530000,10,-1647.80782037771,0.0261543303491635
"187",118,0.709245287980576,1.13353684080702,18.954781221772,6.84126648718818,0.00974021382974889,0.453049471947647,0.00597631460445289,0.425890776391486,34530000,10,-1648.90455733816,0.0859448951068431
"188",200,0.492357628918856,0.721522877027124,4.10969930657078,4.64553758010937,0.00636810347251027,0.560896427773069,0.00389749307715953,0.697438698332497,34530000,10,-1646.22013407282,0.0931888555850938
"189",284,7.04702078866839,704.394028647181,264.547705930439,0.763030429864634,0.0165187864657701,0.759689409425251,0.00343412794266737,0.0200926795041764,34530000,10,-1646.010235255,0.0503398853974955
"190",257,1.58660465742216,116.372099979654,6.46782531273817,181.593204044248,0.0168201260602238,0.396837618276343,0.00595679080125292,0.141414348932657,34530000,10,-1647.55828602202,0.032942115996914
"191",54,0.526245138474801,22.9590419550572,148.644595928728,4.2381394619025,0.00834278981416738,0.433030734710983,0.006174605558864,0.64288863320338,34530000,10,-1649.52925627164,0.0440224532542654
"192",113,0.358850142484351,4.20559248957733,492.662692097983,125.019168592,0.00348069696574624,0.685862780461964,0.0165188127232006,0.96248600529304,34530000,10,-1649.0071487009,0.229782119010773
"193",366,4.75366108237611,29.7838206878376,27.6498710714013,0.587203478499605,0.0210489600296795,0.490230821523411,0.00460468047616407,0.0477431239112353,34530000,10,-1649.72626623436,0.0433471025225776
"194",396,1.12292147149254,6.36900384019595,1.91785299228857,2.19687995865376,0.0123031410203501,0.370776542330698,0.00706870398420362,0.273077587535253,34530000,10,-1651.87503813892,0.0545425731209028
"195",207,0.86172194840078,458.963877085998,234.217995289043,120.465467164645,0.0124024620114245,0.371687501897554,0.00704098708312417,0.322914472337489,34530000,10,-1648.7559882039,0.0763051424945874
"196",332,5.25079439405491,0.216887452003854,9.88977620089142,0.0345083854930658,0.013768692858575,0.544912103354228,8.65349497379691e-05,0.614795701900246,34530000,10,-1615.22282236897,0.0414976635991606
"197",25,2.01730468425859,165.916386548428,559.337296568942,1.35100177114219,0.0188705681838873,0.374589822460804,0.00573589814680187,0.132067162861283,34530000,10,-1650.47539746366,0.0557076343119241
"198",71,1.05625132488236,34.2321402197758,147.92825543452,104.535023245984,0.0139285394909521,0.359517704600867,0.00684746003236649,0.248113618329299,34530000,10,-1649.41182905418,0.0273944037323108
"199",377,1.25497390882969,45.6963818449395,14.2890445242283,3.77338020665696,0.0160542899109733,0.356178043925299,0.0063438990432598,0.214961856617245,34530000,10,-1649.5013000236,0.10676974441327
"200",370,2.72445232593419,173.358803334936,233.877877102926,41.2811456928566,0.0205426820704951,0.466790599381403,0.00473721059018694,0.0602865499817078,34530000,10,-1648.1756165022,0.0507470888370401
"201",331,0.388717439295429,91.7460491055575,510.161109377573,37.1295839225226,0.00604146366053207,0.499852926128958,0.00509914405927073,0.863328621042888,34530000,10,-1648.2528650739,0.0649288240799751
"202",201,0.350087445085019,15.5076463536542,11.8941261870676,31.3116692430374,0.00586503857203916,0.499054126960164,0.000147761225439006,0.962233176342469,34530000,10,-1647.7513816702,0.0659095238509206
"203",99,3.98706631342786,194.371117118627,327.604651218202,0.0381278386322289,0.00372826393729509,0.880461508582918,0.00219070031963633,0.945609026378262,34530000,10,-1627.78958300564,0.254687334561471
"204",326,0.654915692169516,2250.39878175027,0.139655532135417,66.7657591356924,0.0111920266042111,0.381728112294214,0.00662670563533172,0.461102573388988,34530000,10,-1642.10718884203,0.0761699979611892
"205",225,1.7151618474608,68.4484897532986,1613.08949391474,412.910917105053,0.0198989523089703,0.361390987341624,0.00564675777181168,0.125941376141958,34530000,10,-1650.60693113608,0.0283201434431839
"206",155,0.405076330274034,23.3310562745086,33.596411653446,9.62565646108362,0.00828405179836001,0.452039450872774,0.000747168316494567,0.820690338523664,34530000,10,-1648.21600835417,0.0513938990244404
"207",4,0.513441092437817,5.54361146500234,1.49911044475194,9.49342910299876,0.00898377050605852,0.418450479675059,0.00597388536467171,0.6254428995193,34530000,10,-1648.97990187784,0.0656110832309043
"208",143,0.649155181962882,7.05374941881676,288.926209150367,44.0244335014068,0.0107338371739697,0.389187216638609,0.00657886607299138,0.465637814139606,34530000,10,-1649.1123218802,0.0504644487661586
"209",191,1.27957473598404,5.41305647764858,0.0861633024803769,16.2548481461466,0.0189892354785576,0.335153059874359,0.00671505933432383,0.186801730740439,34530000,10,-1632.43162283711,0.0430851643207429
"210",390,0.490392773588546,43.1206761541746,532.594889598281,5.74975652363939,0.00819980482314846,0.420229763931484,0.00686587670382276,0.683541640381756,34530000,10,-1650.31581808103,0.0842886939245167
"211",92,0.350147728155929,193.473391196146,26.909095699868,25.7879213055779,0.00354771699730933,0.741454879732372,0.00257177204667402,0.982681241948751,34530000,10,-1643.67282738946,0.101973182623425
"212",329,0.967960513218023,4.37518604906785,18.5750187893637,248.364238975791,0.0140931943493261,0.355295212845015,0.00705576296417782,0.274850927833525,34530000,10,-1650.51489611578,0.0505146145142859
"213",154,0.450980479422018,65.1770864291284,12.5097247730973,7.61198540892145,0.00928639743342175,0.475137847952551,0.000200077342698473,0.736081935903481,34530000,10,-1649.21833135977,0.0391529760553417
"214",237,1.05490126566525,125.818067266971,20.2763782988008,3.24795715705949,0.0115628136933144,0.43321419972164,0.00614567266353228,0.276717750664357,34530000,10,-1646.6485206224,0.0611832145618967
"215",39,1.01426397479315,134.330341537009,348.128111218141,19.7148161956521,0.0151016081940021,0.355153495759534,0.00678159489092535,0.259722545261221,34530000,10,-1649.15335914702,0.0341841575678431
"216",254,0.431163439598904,256.092731499235,22.9137956967597,5.10007359326819,0.00744512999009791,0.424347029072088,0.0054465208171501,0.803751646193482,34530000,10,-1651.51156473389,0.3615744029652
"217",174,0.720814162794236,4.35695067146534,6.60272241779918,17.3987678971821,0.0126393946461006,0.360350312965785,0.00655617709621669,0.408101635023292,34530000,10,-1650.32806610844,0.0346105915071498
"218",132,0.439831452340878,3.86308276079958,2285.5518810213,1.49345631587146,0.00289437366574295,0.87620323261216,0.00267462265040639,0.955965149890885,34530000,10,-1645.88308131743,0.138507494636438
"219",23,1.40012026685254,78.9693848107429,2.51544944106254,2.01850674453066,0.0175548600972359,0.344761894919439,0.00644171716338494,0.201040071855323,34530000,10,-1650.21337979163,0.0417011450878011
"220",138,2.69475959955728,426.823547624862,16.6080610074103,1.88775683338649,0.350173267915541,0.107625539164254,0.00997749615435955,0.136390147055186,34530000,10,-1645.19861948288,0.0102499497833349
"221",142,0.427776261402315,3.04343537860128,500.21045620632,15.3617477255957,0.00768928838196686,0.43674610936421,0.00542795655439492,0.772488987208779,34530000,10,-1649.36810019162,0.120025132899988
"222",105,0.590026726750649,2673.41319334906,756.629709303963,112.635799862435,0.0093951832855202,0.398786069119816,0.00706468099074471,0.523949966514474,34530000,10,-1649.38182565551,0.0441525158027289
"223",349,0.54945624640946,199.428863288209,296.970561161306,44.5240622234637,0.0101617519454605,0.385411361381419,0.00644170130127095,0.565955075816671,34530000,10,-1649.73919834588,0.062985880551785
"224",150,0.357157788847699,1.93085424485254,5066.50871798421,27.4254530887104,0.0075407916296432,0.442003573894256,0.00054547562567664,0.926430698263237,34530000,10,-1648.46380843075,0.0463913187676925
"225",21,1.04401968211828,31.0513799266594,5.94823288889891,34.3436325190097,0.0142634042311813,0.346973328628015,0.00714027699251493,0.25070101310343,34530000,10,-1649.6577118238,0.0838760472786082
"226",211,1.0348740303546,3.76900901836159,1.89876491019782,3.04036548249187,0.00764406740452159,0.670150366867467,0.00468147392245531,0.295096434781324,34530000,10,-1641.49475386751,0.0506052696709752
"227",139,0.47971619299857,0.00259127934711858,2.20843615018373,17.847532974588,0.010375107112274,0.476893128653106,0.000436772446306089,0.658376973307937,34530000,10,-1650.88401197567,0.0272790424562397
"228",256,0.397813664822019,339.828049054304,18.0440115877499,4.65329460620304,0.00921363347497135,0.421409211416996,0.000105075630575401,0.857366317385879,34530000,10,-1650.40143322742,0.0452813576490862
"229",342,2.03481896123536,165.778025869504,299.021643628602,147.143312005728,0.0223765883469688,0.342047189808915,0.00599010468396354,0.0930857714785907,34530000,10,-1652.98057716806,0.0719639046012123
"230",304,2.20117103255707,4688.30472843858,19.4868302967055,18.3578392913372,0.026730061517286,0.326037296681199,0.00588957562383412,0.0811117920143655,34530000,10,-1655.23856374647,0.0394780151459249
"231",380,0.378451666007648,941.830932304924,93.0235534359639,5.07361515395311,0.00768887419749243,0.447825429276967,0.000248880919352962,0.913578879540174,34530000,10,-1649.16619669206,0.0906057965839855
"232",362,0.508767218712557,6.00613747323629,0.0876193372386327,2.00046009629992,0.00813383500164106,0.408174813936007,0.00748769353903572,0.736039236571033,34530000,10,-1648.99448376529,0.0817680121958389
"233",373,1.5362731110757,1799.6160697124,0.877063656087895,2.16479992695063,0.0200386494041671,0.301061708634966,0.00700846221805162,0.171368655344966,34530000,10,-1652.5561565803,0.0411741676278551
"234",281,0.735158815203833,20.6882102845728,190.414202928293,4.42070425167866,0.0124701353059344,0.346523911396633,0.00706416188606239,0.426144172467273,34530000,10,-1651.46019815549,0.053316020649241
"235",308,0.355331478416893,0.0358852653310058,270.831239394708,138.938356012541,0.00701838956171361,0.426305474236696,0.00601222597102194,0.947461870928715,34530000,10,-1653.6404411442,0.190419932003423
"236",282,1.37678532067965,372.982237726595,0.829499321079062,3.01744716888812,0.0198352200152256,0.3200948211401,0.00643671737236647,0.190876191275018,34530000,10,-1650.26163693219,0.0349211653431383
"237",134,0.391276697474627,1.07900062084979,8.85972969765904,60.201927407502,0.00957832094415057,0.385094329082213,0.00247790513236254,0.83562440327939,34530000,10,-1651.54159981758,0.0622174459222214
"238",97,0.429508306386394,4.63171745906635,14.6813667595734,45.5677625641399,0.0105878382796344,0.366315726633066,0.00394328118034652,0.752730589710917,34530000,10,-1652.38051553434,0.0538646056607418
"239",111,5.66841318659641,4.12347663439251,62.4787847870531,0.0351228693354652,0.023348365879328,0.419849075254699,0.00155743415986853,0.530836464161126,34530000,10,-1619.87923109866,0.0194468813547321
"240",368,3.12691119991001,95.1617872619167,26.6272623516912,1.05462550608453,0.371211173454438,0.11325235462981,0.00962485870827338,0.132873405761051,34530000,10,-1646.08534534848,0.00619933566299349
"241",41,0.839024451226562,46.5558583543297,10.9614392837641,47.7063358407506,0.0157004494750475,0.315764055885938,0.00704833471114867,0.336645346744418,34530000,10,-1651.68200113024,0.0301290426960188
"242",158,0.473571603068545,52.5038605057491,0.0099639868948934,24.4456529845091,0.00859873650377099,0.355340457156742,0.0110380612194045,0.685403090357418,34530000,10,-1642.32345840331,0.109888731052823
"243",190,0.520995015472986,50.2777651964433,36.9226633568756,19.2102136536552,0.0107942608462125,0.354918435317977,0.00662673586731347,0.608171861784371,34530000,10,-1651.6965117545,0.0419246232647894
"244",156,0.348198124814994,3.8917036645603,15.0114698443992,9.6068419425896,0.0082603533954693,0.40015584158904,0.00010385652393667,0.973441815562161,34530000,10,-1650.83547846999,0.0501427162215932
"245",378,1.75971341824286,157.403491007395,0.056124075741841,119.312108823988,0.0259833904535665,0.3248228601044,0.00604912509818041,0.115581468629993,34530000,10,-1624.39133358377,0.0152964144199515
"246",152,0.379183400012616,0.0110229177616446,0.597485382476579,17.0762652837131,0.00955093703300724,0.405710484825707,0.000237157141146557,0.860684494528241,34530000,10,-1650.55651614619,0.0557877105225961
"247",388,0.748374312989845,14.0073578837244,2.99521914467598,2.40596000619706,0.0134139401489174,0.327830395404936,0.00728355445415692,0.439284938857604,34530000,10,-1653.48674433786,0.0488031817942057
"248",48,0.96367843436525,20.0868394600357,26501.7916972753,2.20817603529521,0.0163241514704215,0.306396553002863,0.00717768806426403,0.324781176584,34530000,10,-1654.02556873329,0.0757799839803257
"249",122,0.546253269852399,1353.04141844813,257.662565297404,18.0347769144316,0.0112094427230421,0.331862795197494,0.00768600460714598,0.579303131565351,34530000,10,-1652.98895766025,0.0789955956259834
"250",274,0.818511193960264,5068.75461135893,14.0467461438653,6.4220045201105,0.0147482654731174,0.306984907873234,0.00767197279138426,0.35628557566343,34530000,10,-1652.98462620951,0.0335257349986762
"251",166,0.497638642630893,16.8862670235583,2381.6790897829,2.37931111733052,0.0125867249589897,0.373782423745147,0.0023404911561871,0.706529811692238,34530000,10,-1655.80418491982,0.0344314566838938
"252",121,0.383899252181953,7.18467064720363,2.47204640510444,20.0682432636301,0.00865444769632126,0.360893325748366,0.00668896184862633,0.87503985997169,34530000,10,-1653.99030269883,0.100484475047273
"253",171,0.337771008108402,4.21660069644948,139.035964533804,58.5277501219421,0.00738693941448356,0.413986342100113,0.00125128090454442,0.998070870921353,34530000,10,-1650.57808178835,0.118549676391305
"254",306,2.06576582086202,101.271212311438,12.6976139525962,4.90275345835889,0.287394603261773,0.107819247647385,0.00975582463136811,0.163640959264988,34530000,10,-1645.84095475176,0.0108445123646468
"255",399,0.376596961228682,4.79220355641643,863.283560814991,199.190273245981,0.0100834908708027,0.363063988563921,0.00211762710308564,0.873816960971253,34530000,10,-1652.81369877082,0.110325150144728
"256",120,5.22868066360466,205.108966968262,421.823504246579,5.3539465255881,0.0245412804897222,0.551511025588378,0.00383594096787203,0.0154608704174369,34530000,10,-1655.58698730668,0.0311406296221257
"257",235,0.661489566292696,363.510015716938,2906.2242496518,3.21338364526601,0.012018335881295,0.331715984936753,0.0075604712500654,0.501826875648755,34530000,10,-1653.63533360141,0.118162867301248
"258",175,0.353872205751141,0.567513541045427,70.8840637541689,14.6460211714762,0.0089968876506407,0.366700965895974,0.00416529959614174,0.949939302709589,34530000,10,-1653.72284245132,0.11504502283905
"259",275,0.365874487589722,3.39128518690411,8.62700878988173,49.5893378131445,0.00967371311289802,0.37873568999371,0.00073049538595729,0.896157643211535,34530000,10,-1651.7550625176,0.0630067462824198
"260",350,3.05490149952539,227.69054175843,85.6686438496847,10.4613997807198,0.024002310515189,0.425204297250295,0.004735656914097,0.0490685542972986,34530000,10,-1652.38758886477,0.032205533944168
"261",360,0.403389192007286,9.75323986373639,120.24106495176,7.85566005697693,0.00970859077657734,0.342957776903426,0.00670025914948793,0.835454705014204,34530000,10,-1655.02201605562,0.0724200036577018
"262",91,2.53532533532927,54.2776209020232,14.1435728705092,28.8141617662865,0.301110843546551,0.132583680285484,0.00849882798743145,0.11205250348508,34530000,10,-1655.38063078338,0.0404727385537007
"263",165,1.08811186869264,10.1569962773529,1.97581709561605,0.158591663588198,0.00623832680051521,0.485652446602904,0.00347870048744383,0.993767109666094,34530000,10,-1654.16993399722,0.46038625672771
"264",60,0.5121762328456,179.143407576209,345.392985606811,19.1404398342421,0.00994367269492668,0.318502207187123,0.0100819505422379,0.635274785131707,34530000,10,-1656.50182453676,0.0579968333428934
"265",182,3.65413906193291,33.8051976562069,25.6612065700436,1.00936661094082,0.414788926070856,0.126448229494082,0.00889244182419428,0.115888973770965,34530000,10,-1650.38228380584,0.0165887878630155
"266",249,0.403928669376031,42.3970928330378,1583.85108570707,17.1568153020123,0.0106643347555478,0.338289436255936,0.00479253471858173,0.820354233573019,34530000,10,-1654.46974711825,0.0432222809765691
"267",162,0.743101483130013,19.8558358400951,0.0291423840684905,2.60903107969179,0.0157941001761168,0.28571517123109,0.00827867539181053,0.43560924323106,34530000,10,-1637.98467482115,0.0548980811828771
"268",93,0.413849577199656,1.37001218456167,35.1050224242349,32.6495141181742,0.00901268549289992,0.341076398681936,0.00917328558069504,0.801302008125236,34530000,10,-1656.29933382468,0.0496103486815624
"269",32,1.68066574649814,20.6572019168525,50.0715027405059,59.7155887052731,0.00711765184639567,0.911108960536664,0.00434211395741382,0.139535137662916,34530000,10,-1637.70555421268,0.0458805655904921
"270",311,0.394670430969707,5454.77749591364,513.153962841833,8.6799842693969,0.00966650628430329,0.352195384043716,0.00507726752490593,0.857206933888178,34530000,10,-1654.06065352165,0.0684892445533727
"271",303,0.479299270898458,0.956142686458864,24.3695846665896,4.62586114288834,0.0124406138952872,0.312976209418399,0.00667870674050056,0.702245989211734,34530000,10,-1657.88253932154,0.057265972722866
"272",317,16.3323530726702,417.30123867643,922.698966593095,0.341814827685035,0.0221933758275802,0.764065104828335,0.00319644129846556,0.00127711809091156,34530000,10,-1654.67216661333,0.073243396996872
"273",110,0.353404770748988,25.3853722775014,3.7977379150366,55.0717464757209,0.00933647192896872,0.358006526979257,0.00269844737135095,0.945487809078386,34530000,10,-1653.26311725426,0.0460334834236725
"274",133,0.418494305847114,60.1070638295407,91.2422594783189,33.8836019661581,0.0115527376744579,0.320297271517631,0.0057224549832333,0.781296495411253,34530000,10,-1655.30641666995,0.0349891677530999
"275",244,0.350499892123322,6.77905588866236,41.8916626977825,38.4715712959396,0.00873218832171044,0.321846254976601,0.0135703568397798,0.970491488875959,34530000,10,-1660.25026091845,0.0924261278711999
"276",160,0.697428929206168,632.298077835964,1032.37931876007,10.6150091193856,0.0171096728117734,0.251159194697349,0.00874788568431947,0.426001872104479,34530000,10,-1657.62956585926,0.0643707697844469
"277",243,0.351791614427107,64.0488025161751,102.527637003712,4.74402787320754,0.00937549828393261,0.354469537862349,0.00118840693589159,0.990754743302861,34530000,10,-1655.06019494695,0.0553544899933118
"278",36,1.27065879578922,680.737302267163,10.3279285820656,7.32189651547012,0.0243676553457664,0.253813138955664,0.00733301103606217,0.193035969477749,34530000,10,-1657.17802777718,0.0525441266730989
"279",147,0.624240029682122,569.487901102163,20.682036262037,19.1209210387602,0.01513340016276,0.269133299541691,0.00887911126371956,0.480782949928239,34530000,10,-1656.3701570338,0.047937075778092
"280",29,0.997807799929235,87.1450164762783,37.5382298078782,13.3231897658889,0.0218632377840065,0.237145993190415,0.00851604700423904,0.263927520864868,34530000,10,-1658.3738116785,0.0447801049555523
"281",202,0.373104719783404,3.91219455233504,35.3652984902217,4.95734085634259,0.0129835060843224,0.285909903494201,0.00480469111187263,0.918787980146876,34530000,10,-1661.00639780023,0.0408310156517245
"282",261,0.456790397078227,33.0190861376816,58.6667735460768,227.962048798457,0.0116222188038581,0.285919153592728,0.00867847676765462,0.716149185710133,34530000,10,-1658.32616349676,0.0988775859216932
"283",345,0.677022774754464,54.4800833118564,58.5615838062906,32.837135844685,0.0133579921087485,0.289521256842272,0.00871485687899915,0.439423112157871,34530000,10,-1655.12832104856,0.0578823548375521
"284",229,6.62048910977229,25.7763138502759,20.4883474203825,0.0708910123538594,0.0100151711816209,0.911517385038794,0.00264198653316219,0.220945507668767,34530000,10,-1630.25692301986,0.0478492145411811
"285",204,0.547590177393471,37.1218643880865,0.033825262681493,16.9680890333203,0.0178158216168743,0.237799921276078,0.0099853663180359,0.557640287814886,34530000,10,-1641.03790590055,0.0257232967135449
"286",384,0.553985915365083,3297.11270232223,45.3334049545347,17.1925066736554,0.0156996914859082,0.226086093805588,0.0104191229795312,0.568174164240289,34530000,10,-1662.28754219482,0.0689327036479011
"287",210,0.576013902561279,3.21711913172178,0.277858494251661,532.853028318323,0.016881810147884,0.233632859743074,0.00985050579445292,0.529691857852395,34530000,10,-1656.59742591027,0.0349084436377751
"288",347,0.447571051214782,0.0438795353000431,0.00823264106511497,35.577423128714,0.00790471582195114,0.549323331626167,0.000282164276438812,0.706833092129288,34530000,10,-1645.00083720834,0.045934623396359
"289",305,0.807575209670323,138.357183823054,153.642884226756,0.149917283739455,4.32863982664766,0.14459169012668,0.00418074728031849,0.0550451464032676,34530000,10,-90443888.5371494,539.576272130012
"290",46,0.531720811853858,78.2315044525855,81.1368058659429,4.9119653195593,0.0167990962243735,0.230486359652886,0.0098944292302933,0.617919317217817,34530000,10,-1662.63389465678,0.0386865182520282
"291",49,0.37681900181134,1.8616890514118,110.842357990007,42.4602407267352,0.0120105963223379,0.249400780740342,0.01344856180241,0.898362080717485,34530000,10,-1665.02077980169,0.10650745598802
"292",8,0.360249957342261,28.8537738519694,649.851522560562,22.9988286328481,0.0119759186651181,0.273325645280592,0.0101134986616857,0.93742817089507,34530000,10,-1660.87007630042,0.0911768414488129
"293",286,0.668929325396426,569.778665923395,14827.9251301209,61.9017827329674,0.0205701702339419,0.206210946287141,0.0100101420569965,0.441450112522253,34530000,10,-1662.52262728636,0.0406914174129224
"294",28,0.409192559839895,1842.08123128106,24.4893760687283,86.9263902865296,38.4122788564499,0.169023654971226,0.0260306405619965,0.0742436691602552,34530000,10,-90448699.4505329,9.74312983581307e-05
"295",398,0.474072406734705,284.530787826865,820.269066588963,5.79201519738229,0.0146416717633076,0.227596293061022,0.0118830289965355,0.71551094425899,34530000,10,-1664.57201069225,0.0614001429051865
"296",290,0.408279731171781,968.463624837507,54.0565343030818,147.062966811821,0.0106887074746954,0.298149600110438,0.00976937798477898,0.81688594096611,34530000,10,-1657.82892468651,0.0903112444145676
"297",302,0.58400823429683,321.881439276362,249.078415381208,93.796142447954,0.02145296909579,0.181274671796827,0.0118350096812891,0.52259593438767,34530000,10,-1667.06257015003,0.048217117188194
"298",318,0.653613330248869,296.910562317692,2.27109218612821,5.75549651851415,0.025914436126102,0.164875637937627,0.0116236595878221,0.474597502794298,34530000,10,-1669.42837785105,0.0517199697221951
"299",77,1.32474351422976,24.1837165741614,8.25984394408285,167.571290291819,22.5690949949933,0.198158781574161,0.00456913347912846,0.0583843133414096,34530000,10,-90448701.027142,0.000147661400149902
"300",260,9.52902272983841,1243.43058865187,832.58350486153,0.669988304902369,0.0349463129433639,0.442662163673075,0.00420689215598424,0.00117105728842972,34530000,10,-1677.84361333182,0.107609921395014
"301",44,6.8838647061017,79.7547673904852,2385.31171108648,2.84280069699479,0.0389556831322135,0.419432172489529,0.00433675329112076,0.000763267431185898,34530000,10,-1683.18856437769,0.132376523921695
"302",42,0.320977281541103,277.62497113716,121.990960133281,26.6098437418718,43.4484646477312,0.109115661637,0.001185142351943,0.240174040446818,34530000,10,-90448695.4365133,0.000139337362854086
"303",123,0.74885011442432,4.1275957170496,18.9868793498401,10.7562678162486,0.00937641951528883,0.459654405602313,0.00596005662194002,0.395991739724067,34530000,10,-1647.01637150807,0.0614406230486717
"304",348,6.57147310009962,330.642807148264,44.6481820577818,2.60105847848457,0.219115209298756,0.244077046613487,0.00544804866562132,0.0080977524391503,34530000,10,-1702.05824174743,0.103509822824007
"305",259,42.3905900517106,17461.4959186128,192.279082641926,1.28422762897784,5.64273083745224,0.259982137303388,0.00582108703694853,0.0107924988574652,34530000,10,-2983.24273659739,96.622249305452
"306",277,0.18798974671352,1567.34963062981,131.458124429235,0.407290252231152,47.293691931416,0.298998275843208,0.000733500690866579,0.0608779536959879,34530000,10,-90445515.7625023,1027.37028962374
"307",136,0.770093212536038,97.7710075057506,52.2471248543954,42.0715354963343,64.2731727180562,0.677909258490528,0.00277072792371192,0.0141242648155006,34530000,10,-90448712.8861295,4.58962852443426e-05
"308",172,2.49913907275701,22.5821205125908,1.54931001886845,0.757395549213992,0.00882884506637893,0.801717731936566,0.00441548152503123,0.127831494901357,34530000,10,-1639.44542184962,0.0453578871646667
"309",141,0.715225787052572,0.00321394572550014,11.1091953188654,2.54024980798639,0.0123232816868621,0.587353904804321,0.000818655374094557,0.451748391479685,34530000,10,-1656.90356584264,0.0319170069874918
"310",321,0.319318999991846,48.5318260321733,26.5704245514817,32.5135493621235,62.5599924361237,0.52405864402585,0.00235064905433969,0.0328679795611612,34530000,10,-90448710.3540736,5.04997903769231e-05
"311",262,7.12502379675088,1.77935313013252,8335.79576076475,0.0541166433644322,0.0124294929129117,0.865221771771618,0.00184609234175828,0.262594928969632,34530000,10,-1627.38326780667,0.0597113775782461
"312",226,4.00478325593869,3319.7843540936,27.6156582651866,45.7961696478426,1.23149699470191,0.122053112582423,0.00972899063514456,0.240489545213719,34530000,10,-1844.03485676312,0.524120175555432
"313",325,1.14796263775976,1.63048146173255,42.5704214151794,2.1649722722985,0.00790581187006317,0.630876870770331,0.00531630825626395,0.268477065625508,34530000,10,-1644.45810632245,0.0922178447348576
"314",272,0.730095105652163,0.213274725007652,63.0825708699286,19.7552765171958,36.7908762346561,0.774125291344485,0.000153452454844581,0.200147067034034,34530000,10,-90448714.3895651,0.000156744724656049
"315",119,1.26903406384626,1.85173113954481,17.4134046999783,4.23356884645507,0.00778158446023262,0.756863228655659,0.00444683099901272,0.217953495233969,34530000,10,-1641.67421860665,0.0481941798221575
"316",383,0.926782753450811,11.79979260056,59.6776866286705,4.84951657819945,0.00711978849918479,0.641596620333461,0.00527423000484064,0.325527052975745,34530000,10,-1642.08904624389,0.0581476867850315
"317",206,0.404971696639979,0.0438608735417968,1.14387900828013,23.822839615186,0.00752846312043051,0.492929928160105,0.000627167956352251,0.812298383371858,34530000,10,-1646.88684355567,0.0379114078902485
"318",18,0.609731208202217,16.7894971374663,8.37911790190426,32.5480940364175,57.6163496746668,0.680673616049948,0.00469385961722522,0.069612885537299,34530000,10,-90448712.970756,7.45835055571071e-05
"319",247,2.41608530547268,0.0723971036706097,219.27006067867,0.273956112955147,0.00907865704047351,0.736416773829245,0.00395959086415098,0.239636466910834,34530000,10,-1651.04196511023,0.0554296701447199
"320",376,0.381422377848274,0.0750635444853633,0.0480978437651374,46.239820384585,0.00474463409455205,0.609625012621531,7.05004284733621e-06,0.894728357078855,34530000,10,-1646.18323019771,0.0506855924063361
"321",241,0.381007510737427,0.000321229420095328,0.0798908054531622,67.2164084177498,0.00465638337549778,0.689383417242542,0.000379425085206113,0.857043559563053,34530000,10,-1642.92193321195,0.174498778776956
"322",293,0.772839450886205,0.228531235975247,1.16559405825113,63.3735772270378,0.00630955754203909,0.775725098713682,0.00380862913494688,0.382137094967839,34530000,10,-1645.51324520144,0.0742431676780966
"323",333,7.11047939722813,9402.93894997093,48.4484918390033,14.1254630377458,1.21408818861912,0.21404917091492,0.00669525852761205,0.111864699980671,34530000,10,-1879.24973920237,4.34476342407393
"324",16,6.00677358764631,47.8424479324175,106.12939043493,0.0474300288183644,0.0136101138277047,0.836826411901538,0.000178149340135115,0.352814560703855,34530000,10,-1619.67914968913,0.0293338589532037
"325",148,1.77475532590006,0.118118389286271,19.9137788055778,85.0915524264854,739.057581975662,0.656546068355093,0.00150455060854075,0.955194252904688,34530000,10,-90448716.8380488,0.00310100675464825
"326",86,0.342024384419668,0.0173266423179877,4.26368167470468,78.9142004351195,0.0080568545910347,0.397872993887688,0.00200849801401736,0.97503142117153,34530000,10,-1652.02563034001,0.0678160228747992
"327",386,0.0945109463872134,31.0658892759771,1.55871981143502,34.7411436793511,78.4435799198797,0.889327798087737,0.000300971846355861,0.692808139995019,34530000,10,-90448715.6432202,6.85299314729159e-05
"328",9,0.013856914835525,0.280366900703197,0.167562249875342,34.3145714643842,69.6226815260761,0.651958941133845,0.000278143461368731,0.843964596124302,34530000,10,-90448712.5026971,3.82914342153225e-05
"329",379,6.15510163104738,0.147262672607201,5.09698091747275,0.370810116457976,7.79945895953239,0.64343603240346,0.000299274669250858,0.929535092837639,34530000,10,-26802549.8767819,405782.832719767
"330",146,0.397846049188736,0.0289649809044825,0.0189966246815371,3.57770584224402,0.00578750565756995,0.534837779497802,0.00292778371852495,0.896418416281544,34530000,10,-1647.6365292149,0.126610697125595
"331",126,0.0259547249958804,1.13905778958455,0.296331093977597,38.5054402638307,91.3688831607306,0.859898444719187,0.303072246497806,0.872465319741767,34530000,10,-90448715.2499975,0.000108416628065666
"332",62,0.288870393540452,0.303106216112448,194.868863131244,136.656385592736,0.09443668244953,0.56222680694174,0.000154721506417832,0.953509209715455,34530000,10,-2045.13697011638,0.363538176524423
"333",26,8.61470132647937,0.705507790673654,1.79221019773527,0.284514917485887,41.2857597782319,0.802195868420515,0.000341047226176294,0.707525939981,34530000,10,-53098442.8203099,319488.307270563
"334",85,0.862829833911922,717.040438784386,105.786490756262,30.5669081248498,0.0112652023535808,0.42762266274265,0.00587630985494501,0.326912111268607,34530000,10,-1646.62000599745,0.0500982096215622
"335",75,1.29924910077553,326.07574214688,704.253585302369,22.9133955283892,0.00749962055447642,0.785458952939557,0.00459006226788239,0.193857319557184,34530000,10,-1638.75239637723,0.043399486886749
"336",367,0.0124133667148161,0.411116796902725,0.527143153550334,35.3459858409909,64.8052230458018,0.737539828575124,0.000866156599490684,0.864171842458914,34530000,10,-90448713.7171917,4.85003604812497e-05
"337",79,0.255966598330275,0.769458485502879,0.119825463791042,20.8063411553059,35.8013178565159,0.688346816556928,0.0716428001548493,0.75548732380953,34530000,10,-90448713.3001019,0.00021648125640147
"338",106,0.048644250116663,198.601526229482,539.519794825804,26.4187634848416,49.2856253294906,0.493064702173337,0.00257805279398966,0.597323086449858,34530000,10,-90448709.78207,9.48788066696645e-05
"339",248,0.0378697151971748,884.057302581046,132.150527925838,28.8936177174706,74.4685814239462,0.373699251698232,0.00311434527434824,0.892699242483479,34530000,10,-90448707.0798163,9.53712169261075e-05
"340",10,0.625159792216117,9.90505645821358,18.5590361222471,3.48895970194069,0.00732045779213709,0.787621733177231,0.000124143168649456,0.522034936690979,34530000,10,-1642.52390975399,0.0398495560830277
"341",66,0.734853461589862,17.5129344177225,0.112504505556665,6.40319206975022,0.00739031842099174,0.70615357966625,0.00317166790264888,0.419332907894544,34530000,10,-1636.49721646865,0.0381845300982104
"342",70,0.133158642063966,0.110709073649679,0.0677780492634091,23.4566595590569,30.1664132269617,0.867854669834189,0.062667784480527,0.336036252310439,34530000,10,-90448715.3731285,0.000175194315270511
"343",369,12.715405741521,97951.3891302311,105.279025522081,1.58186931792778,5.53127598521537,0.165759455212969,0.00895073539636041,0.256446518493257,34530000,10,-1834.72558103398,0.708379331125908
"344",228,0.0415134959192803,0.599605455182547,0.136323289094468,25.0500104183706,45.9196810446136,0.803174717643898,0.0230774668608386,0.634221235603174,34530000,10,-90448714.5809179,9.14507698048139e-05
"345",339,0.416825586361576,7.40544376703148,10.0545641840066,11.2400276479262,0.00369562990546041,0.873059109966935,4.43966118308643e-05,0.804320097121911,34530000,10,-1638.61169784377,0.0561275915837143
"346",102,0.87452962199396,4.24103365940821,2.43355537787148,35.3345883384906,0.00785067182074445,0.572012197349468,0.00596629583099375,0.323372551281271,34530000,10,-1643.11956997281,0.0487005403439081
"347",43,492.081020212779,462.818479574158,407.666205597824,177.490585482705,619.267813964135,0.217520219012013,2.75916086681259e-06,0.128227456352716,34530000,10,-90448881.134317,0.00168525932858274
"348",129,0.0552289148443503,252.531953945961,161.972119782841,40.5413470768612,71.6910354818502,0.436364258714892,0.0039355030099484,0.633754222435959,34530000,10,-90448708.5946713,8.365549107232e-05
"349",157,0.466090282831867,0.697215984615983,25.0521484629771,1.05779297128605,0.00342275593233321,0.797073067859146,0.00013534088469494,0.959831123792528,34530000,10,-1646.67826115588,0.193423647455066
"350",314,0.354941565860002,529.107732544854,302.140536186966,37.4265790286004,0.00881291329360072,0.345797581249646,0.00878061472124088,0.9498793610911,34530000,10,-1655.78465991195,0.0679903096815638
"351",364,3.39116781029821,789.242841691611,246.40917541445,14.710494338385,23.965292537545,0.505968709316462,0.00460889943103676,0.201879259968099,34530000,10,-90448711.2683768,0.00109193294331179
"352",19,6.40524742729747,2029.65367227085,860.64242890138,0.576340043938278,3.04347935133718,0.410697268820552,0.00397454510476896,0.420489838000729,34530000,10,-2840.102413156,1.40988820373802
"353",381,0.0803259441695875,2664.77625789201,1342.13012569339,0.176318983290498,18.5188062765972,0.69509780577225,0.0127413154865654,0.997191943392244,34530000,10,-90443228.1008138,120.206006991863
"354",31,21.8219613241079,2129.24625978103,823.760584538682,3.88716009150497,28.7382613124346,0.743782820175938,0.00254750147898458,0.0895772699250767,34530000,10,-489418.712893002,79371462.8151002
"355",300,0.385216845570374,62.9492235541844,0.843539698714744,4.85421194961116,0.00307290915003427,0.906171410937417,0.000524367201926487,0.91566168562241,34530000,10,-1640.56317373239,0.179493771432006
"356",246,1.29709472728208,1645.9840768168,1487.1834321389,414.387307152224,0.00904638034581002,0.600337271803488,0.00548384142323234,0.193895559978728,34530000,10,-1641.75556734437,0.0635378214302377
"357",216,0.042037524179046,2448.0404543481,536.493531445728,47.3342302930468,89.2858587143297,0.79955990292414,0.00173236100795183,0.322624343636027,34530000,10,-90448714.5183175,6.35627277440964e-05
"358",183,0.0302239263144793,1082.29357635843,623.838423008409,45.1967283264126,69.7830441532888,0.902991232093073,0.00218613482729991,0.887554140318616,34530000,10,-90448715.7395647,4.91794073672092e-05
"359",196,6.18096701054301,710.287105464676,3.00387207853224,0.180739188637877,3.99502208227652,0.861915830454257,0.00424099273583036,0.549602420132473,34530000,10,-13606.9114797317,216.967999953804
"360",145,0.751530803852718,242.575785341084,2.1637399891248,6.33452537242272,0.00931238610160486,0.448448384905657,0.00646899292593404,0.402445905330751,34530000,10,-1646.70149544532,0.0503222110297103
"361",365,0.608997346996641,1.82001983117904,0.00369470486568362,32.4461182630458,0.00537012711276562,0.644801030039948,0.00698511751231799,0.50398382219166,34530000,10,-1634.79696951572,0.0912830643463301
"362",68,0.0317521872007343,799.840922400908,284.79167858764,32.9983638901664,68.3381931969385,0.514350440148653,0.00439160675625626,0.73367953971163,34530000,10,-90448710.1885004,9.72930636358861e-05
"363",309,2.3912813936997,2852.079262452,426.734919963024,21.9979424947997,0.00953095091638049,0.838199724292756,0.00415121935285019,0.0819429521341146,34530000,10,-1639.15139061735,0.0360520479917879
"364",268,147.502386995676,83.7778214682895,4.37111334344019,478.062079271039,54.5898206155253,0.461688595370724,9.59904263575072e-07,0.544353050551049,34530000,10,-90448919.0544862,0.00205265705000258
"365",363,0.0505166886398518,112.989773542868,22.430916537327,51.8189297397558,86.3335197254823,0.450809064004604,0.00388329427410446,0.372285467106624,34530000,10,-90448708.8902395,5.03091602027316e-05
"366",387,0.0257894348141258,0.645977281270126,0.723275509284994,39.449669294596,62.545921321379,0.627580438366878,0.00991407682696806,0.412331437037453,34530000,10,-90448712.1260724,2.94867207169368e-05
"367",84,0.446391608589443,3.43064572228879,3.47091274775083,29.6844453801311,40.6467290556057,0.884080617765457,0.0113218481009075,0.265081497191408,34530000,10,-90448715.6607608,0.000159741561341654
"368",167,0.0587420649005708,2762.24702970654,90.8196187608097,54.0004641610759,89.5348022761945,0.330080280079089,0.00276767596730149,0.199304775429823,34530000,10,-90448705.8423709,5.15839073814628e-05
"369",374,0.193413197900471,13.3179595809025,15.1704549150685,40.3921189277326,63.8074519163592,0.618696181571271,0.00398634275403276,0.0533611832768423,34530000,10,-90448711.985261,5.68150922161796e-05
"370",324,0.907924713697735,6.08403915742304,0.0587993695203487,23.5368815161876,70.2999418682287,0.869534883772491,0.0161393004517013,0.282635385492107,34530000,10,-90448715.6997543,0.00031674235291972
"371",322,0.0959923191977464,12.1716354383976,0.215875684491367,0.0975648529090891,6.4348828482534,0.475807417778165,0.00100718949042862,0.705556406271067,34530000,10,-90441949.0703315,1141.60985063016
"372",258,0.101446084333434,1.52453925892262,2.08737342673356,39.9475001993112,71.3866158211844,0.912383252280632,0.0117694664895874,0.0925371711985397,34530000,10,-90448715.8171498,7.5292369578146e-05
"373",7,0.0467194248559997,0.462024055930859,0.482100371846174,36.4631273703196,67.2198568118817,0.840664079713459,0.0253337383447644,0.2019115748003,34530000,10,-90448715.0077107,4.00017452219951e-05
"374",224,0.154326401209274,11354.2033455427,585.624523330983,29.2161610413834,80.0479381776406,0.559934728137988,0.0057846263515568,0.2083465464312,34530000,10,-90448711.0346242,0.000103201452751667
"375",251,0.178918922720385,1225.19977195991,94.7698146033261,29.8673149391263,77.5914713776727,0.484073870645291,0.00409809298796143,0.0677597764730141,34530000,10,-90448709.5779915,3.80544242966384e-05
"376",240,2.47393878513594,7714.13505193285,107.738178159789,8.32073397961389,2.65377369582214,0.251305936951234,0.00734144607853299,0.945208888550108,34530000,10,-2244.4428673889,1.88710101963705
"377",218,0.514185056060699,1316.284523291,180.141118346151,27.8850185818761,37.2353431097437,0.593061954892837,0.0016297259083648,0.166185948305307,34530000,10,-90448711.6753967,0.000149660853792185
"378",372,0.407692731960333,115.613058880901,28.9382789644453,4.31938102503976,0.007887292119378,0.39859737934374,0.00596121974772999,0.872977019897357,34530000,10,-1653.2777145578,0.113312664025459
"379",34,0.0678412897136874,2552.95959470708,401.286688658248,32.6685658305958,73.3508250295586,0.794120068911448,0.0018051128431008,0.260745611607219,34530000,10,-90448714.4565826,7.54401093794737e-05
"380",82,7.61634200184679,7645.24034664354,284.572453298442,2.92775541523407,9.18417608209252,0.300146000040451,0.00569980705003319,0.60432827031853,34530000,10,-7384.07907956251,407.045231885515
"381",307,0.0355398764096074,946.050095363268,353.964588335248,29.7805841824309,54.4685107895933,0.547890441087768,0.00777704093251225,0.795349021973857,34530000,10,-90448710.8155608,6.13401273441033e-05
"382",336,0.0320058315460594,916.571848132736,111.35374150438,42.4091120609731,58.9306752762173,0.35164471651248,0.00412759596437373,0.867475745917383,34530000,10,-90448706.4793677,7.08566065289075e-05
"383",354,0.0253430149889372,495.733915403409,771.48512828508,29.4375083300497,55.2865230965584,0.431970657168953,0.0024706099145373,0.917525668179313,34530000,10,-90448708.4791107,9.64282668176515e-05
"384",287,0.883907189546562,54.9231307701308,427.522276835998,5.63148020133446,0.0368294339805844,0.48993666258457,0.00252426379240506,0.297527867202897,34530000,10,-1715.01815200602,0.0162421615018551
"385",104,0.0108375933231683,719.939279435494,356.970758073916,40.5234216817985,72.9113235548106,0.59679219338613,0.00557796544847663,0.939869211663307,34530000,10,-90448711.6304939,4.69138854938311e-05
"386",299,4.88294347231198,2517.63910960383,488.263188610824,1.90785938226727,9.58228755255977,0.454628619791672,0.00384245455006306,0.893724152292006,34530000,10,-129071.459379508,10859.9651716692
"387",340,1.9235521172245,0.157154495116435,0.887454069273782,0.113608633042782,6.95301370791167,0.831197021706799,0.0221267733745086,0.201425559965181,34530000,10,-89759300.6792567,337886.028332716
"388",101,9.84755945692811,816.90446940082,216.139036208081,3.24307482493384,7.39543583056351,0.345211571291154,0.00520881052679196,0.367311397226809,34530000,10,-7991.71035888901,234.491657733152
"389",358,0.0512218602290612,367.848016043344,203.070674892704,35.9611924334269,67.056602184177,0.381438889884179,0.00446687117846453,0.2052092362,34530000,10,-90448707.2472225,5.2448275191179e-05
"390",203,0.151735891270113,2853.99090923505,393.031872871408,33.3677521946699,52.2649026494612,0.410676064251066,0.00384379690372639,0.201510503461348,34530000,10,-90448707.9955548,7.53024694152283e-05
"391",294,13.7741295627463,1442.52796642916,366.598308015178,3.33004359928613,12.342145089983,0.430329854747427,0.00421493751561978,0.318630270521554,34530000,10,-13017.7763442449,881.065250785443
"392",242,29.0222179916371,8647.8570013744,350.264832910784,1.79126533746291,8.47636369896941,0.409616319351691,0.00448881274342264,0.126895566207846,34530000,10,-1925.42278328143,8.07779710291491
"393",285,7.7702854735919,3196.25070325342,113.603358340815,6.13864777847456,2.29112185454038,0.30604419406073,0.00527119796211807,0.20048741941739,34530000,10,-1984.32445520755,13.6905916225594
"394",112,0.184198906483196,23.3565849737997,5.96284008856149,35.8841305962897,58.2993773165857,0.729958398270666,0.0125304345445525,0.158096514148594,34530000,10,-90448713.6411409,6.86110458258901e-05
"395",213,39.7150352210537,9263.67472015592,344.072383436267,1.05077706072055,15.2424605156598,0.31666810100211,0.00549293499409677,0.118911359021124,34530000,10,-1809.75219755566,0.433053202197858
"396",188,0.0515876013573815,18.3347268920057,5.15798448800606,1.16346722198584,127.509086873953,0.410053690290156,0.00623023654793714,0.144369709566154,34530000,10,-90448043.0478404,396.629119366407
