,Unnamed: 0,Reporting Area,MMWR Year,MMWR Week,Cases
0,0,E.N. CENTRAL,2017,1,19.0
1,1,E.N. CENTRAL,2017,2,18.0
2,2,E.N. CENTRAL,2017,3,24.0
3,3,E.N. CENTRAL,2017,4,24.0
4,4,E.N. CENTRAL,2017,5,28.0
5,5,E.N. CENTRAL,2017,6,
6,6,E.N. CENTRAL,2017,7,16.0
7,7,E.N. CENTRAL,2017,8,4.0
8,8,E.N. CENTRAL,2017,9,34.0
9,9,E.N. CENTRAL,2017,10,14.0
10,10,E.N. CENTRAL,2017,11,
11,11,E.N. CENTRAL,2017,12,13.0
12,12,E.N. CENTRAL,2017,13,18.0
13,13,E.N. CENTRAL,2017,14,13.0
14,14,E.N. CENTRAL,2017,15,17.0
15,15,E.N. CENTRAL,2017,16,13.0
16,16,E.N. CENTRAL,2017,17,20.0
17,17,E.N. CENTRAL,2017,18,6.0
18,18,E.N. CENTRAL,2017,19,17.0
19,19,E.N. CENTRAL,2017,20,18.0
20,20,E.N. CENTRAL,2017,21,10.0
21,21,E.N. CENTRAL,2017,22,13.0
22,22,E.N. CENTRAL,2017,23,16.0
23,23,E.N. CENTRAL,2017,24,
24,24,E.N. CENTRAL,2017,25,
25,25,E.N. CENTRAL,2017,26,
26,26,E.N. CENTRAL,2017,27,19.0
27,27,E.N. CENTRAL,2017,28,29.0
28,28,E.N. CENTRAL,2017,29,12.0
29,29,E.N. CENTRAL,2017,30,15.0
30,30,E.N. CENTRAL,2017,31,14.0
31,31,E.N. CENTRAL,2017,32,24.0
32,32,E.N. CENTRAL,2017,33,15.0
33,33,E.N. CENTRAL,2017,34,
34,34,E.N. CENTRAL,2017,35,17.0
35,35,E.N. CENTRAL,2017,36,9.0
36,36,E.N. CENTRAL,2017,37,9.0
37,37,E.N. CENTRAL,2017,38,25.0
38,38,E.N. CENTRAL,2017,39,17.0
39,39,E.N. CENTRAL,2017,40,14.0
40,40,E.N. CENTRAL,2017,41,10.0
41,41,E.N. CENTRAL,2017,42,12.0
42,42,E.N. CENTRAL,2017,43,11.0
43,43,E.N. CENTRAL,2017,44,18.0
44,44,E.N. CENTRAL,2017,45,21.0
45,45,E.N. CENTRAL,2017,46,28.0
46,46,E.N. CENTRAL,2017,47,21.0
47,47,E.N. CENTRAL,2017,48,32.0
48,48,E.N. CENTRAL,2017,49,21.0
49,49,E.N. CENTRAL,2017,50,26.0
50,50,E.N. CENTRAL,2017,51,1.0
51,51,E.N. CENTRAL,2017,52,
52,52,E.N. CENTRAL,2018,1,10.0
53,53,E.N. CENTRAL,2018,2,21.0
54,54,E.N. CENTRAL,2018,3,9.0
55,55,E.N. CENTRAL,2018,4,10.0
56,56,E.N. CENTRAL,2018,5,12.0
57,57,E.N. CENTRAL,2018,6,7.0
58,58,E.N. CENTRAL,2018,7,10.0
59,59,E.N. CENTRAL,2018,8,7.0
60,60,E.N. CENTRAL,2018,9,12.0
61,61,E.N. CENTRAL,2018,10,
62,62,E.N. CENTRAL,2018,11,14.0
63,63,E.N. CENTRAL,2018,12,5.0
64,64,E.N. CENTRAL,2018,13,8.0
65,65,E.N. CENTRAL,2018,14,10.0
66,66,E.N. CENTRAL,2018,15,9.0
67,67,E.N. CENTRAL,2018,16,7.0
68,68,E.N. CENTRAL,2018,17,9.0
69,69,E.N. CENTRAL,2018,18,9.0
70,70,E.N. CENTRAL,2018,19,11.0
71,71,E.N. CENTRAL,2018,20,9.0
72,72,E.N. CENTRAL,2018,21,15.0
73,73,E.N. CENTRAL,2018,22,
74,74,E.N. CENTRAL,2018,23,12.0
75,75,E.N. CENTRAL,2018,24,6.0
76,76,E.N. CENTRAL,2018,25,5.0
77,77,E.N. CENTRAL,2018,26,12.0
78,78,E.N. CENTRAL,2018,27,16.0
79,79,E.N. CENTRAL,2018,28,17.0
80,80,E.N. CENTRAL,2018,29,12.0
81,81,E.N. CENTRAL,2018,30,1.0
82,82,E.N. CENTRAL,2018,31,10.0
83,83,E.N. CENTRAL,2018,32,20.0
84,84,E.N. CENTRAL,2018,33,8.0
85,85,E.N. CENTRAL,2018,34,23.0
86,86,E.N. CENTRAL,2018,35,10.0
87,87,E.N. CENTRAL,2018,36,13.0
88,88,E.N. CENTRAL,2018,37,8.0
89,89,E.N. CENTRAL,2018,38,1.0
90,90,E.N. CENTRAL,2018,39,10.0
91,91,E.N. CENTRAL,2018,40,8.0
92,92,E.N. CENTRAL,2018,41,10.0
93,93,E.N. CENTRAL,2018,42,12.0
94,94,E.N. CENTRAL,2018,43,9.0
95,95,E.N. CENTRAL,2018,44,19.0
96,96,E.N. CENTRAL,2018,45,1.0
97,97,E.N. CENTRAL,2018,46,23.0
98,98,E.N. CENTRAL,2018,47,
99,99,E.N. CENTRAL,2018,48,22.0
100,100,E.N. CENTRAL,2018,49,38.0
101,101,E.N. CENTRAL,2018,50,22.0
102,102,E.N. CENTRAL,2018,51,
103,103,E.N. CENTRAL,2018,52,
104,104,EAST NORTH CENTRAL,2019,1,21.0
105,105,EAST NORTH CENTRAL,2019,2,17.0
106,106,EAST NORTH CENTRAL,2019,3,37.0
107,107,EAST NORTH CENTRAL,2019,4,28.0
108,108,EAST NORTH CENTRAL,2019,5,20.0
109,109,EAST NORTH CENTRAL,2019,6,28.0
110,110,EAST NORTH CENTRAL,2019,7,21.0
111,111,EAST NORTH CENTRAL,2019,8,18.0
112,112,EAST NORTH CENTRAL,2019,9,7.0
113,113,EAST NORTH CENTRAL,2019,10,10.0
114,114,EAST NORTH CENTRAL,2019,11,9.0
115,115,EAST NORTH CENTRAL,2019,12,13.0
116,116,EAST NORTH CENTRAL,2019,13,9.0
117,117,EAST NORTH CENTRAL,2019,14,15.0
118,118,EAST NORTH CENTRAL,2019,15,8.0
119,119,EAST NORTH CENTRAL,2019,16,9.0
120,120,EAST NORTH CENTRAL,2019,17,4.0
121,121,EAST NORTH CENTRAL,2019,18,7.0
122,122,EAST NORTH CENTRAL,2019,19,14.0
123,123,EAST NORTH CENTRAL,2019,20,15.0
124,124,EAST NORTH CENTRAL,2019,21,15.0
125,125,EAST NORTH CENTRAL,2019,22,17.0
126,126,EAST NORTH CENTRAL,2019,23,10.0
127,127,EAST NORTH CENTRAL,2019,24,20.0
128,128,EAST NORTH CENTRAL,2019,25,18.0
129,129,EAST NORTH CENTRAL,2019,26,19.0
130,130,EAST NORTH CENTRAL,2019,27,8.0
131,131,EAST NORTH CENTRAL,2019,28,23.0
132,132,EAST NORTH CENTRAL,2019,29,22.0
133,133,EAST NORTH CENTRAL,2019,30,16.0
134,134,EAST NORTH CENTRAL,2019,31,13.0
135,135,EAST NORTH CENTRAL,2019,32,19.0
136,136,EAST NORTH CENTRAL,2019,33,23.0
137,137,EAST NORTH CENTRAL,2019,34,30.0
138,138,EAST NORTH CENTRAL,2019,35,10.0
139,139,EAST NORTH CENTRAL,2019,36,24.0
140,140,EAST NORTH CENTRAL,2019,37,16.0
141,141,EAST NORTH CENTRAL,2019,38,21.0
142,142,EAST NORTH CENTRAL,2019,39,21.0
143,143,EAST NORTH CENTRAL,2019,40,11.0
144,144,EAST NORTH CENTRAL,2019,41,17.0
145,145,EAST NORTH CENTRAL,2019,42,19.0
146,146,EAST NORTH CENTRAL,2019,43,17.0
147,147,EAST NORTH CENTRAL,2019,44,18.0
148,148,EAST NORTH CENTRAL,2019,45,29.0
149,149,EAST NORTH CENTRAL,2019,46,27.0
150,150,EAST NORTH CENTRAL,2019,47,43.0
151,151,EAST NORTH CENTRAL,2019,48,18.0
152,152,EAST NORTH CENTRAL,2019,49,33.0
153,153,EAST NORTH CENTRAL,2019,50,22.0
154,154,EAST NORTH CENTRAL,2019,51,2.0
155,155,EAST NORTH CENTRAL,2019,52,
156,156,EAST NORTH CENTRAL,2020,1,30.0
157,157,EAST NORTH CENTRAL,2020,2,51.0
158,158,EAST NORTH CENTRAL,2020,3,39.0
159,159,EAST NORTH CENTRAL,2020,4,30.0
160,160,EAST NORTH CENTRAL,2020,5,20.0
161,161,EAST NORTH CENTRAL,2020,6,32.0
162,162,EAST NORTH CENTRAL,2020,7,29.0
163,163,EAST NORTH CENTRAL,2020,8,19.0
164,164,EAST NORTH CENTRAL,2020,9,30.0
165,165,EAST NORTH CENTRAL,2020,10,12.0
166,166,EAST NORTH CENTRAL,2020,11,12.0
167,167,EAST NORTH CENTRAL,2020,12,16.0
168,168,EAST NORTH CENTRAL,2020,13,17.0
169,169,EAST NORTH CENTRAL,2020,14,16.0
170,170,EAST NORTH CENTRAL,2020,15,14.0
171,171,EAST NORTH CENTRAL,2020,16,17.0
172,172,EAST NORTH CENTRAL,2020,17,7.0
173,173,EAST NORTH CENTRAL,2020,18,13.0
174,174,EAST NORTH CENTRAL,2020,19,8.0
175,175,EAST NORTH CENTRAL,2020,20,7.0
176,176,EAST NORTH CENTRAL,2020,21,10.0
177,177,EAST NORTH CENTRAL,2020,22,4.0
178,178,EAST NORTH CENTRAL,2020,23,4.0
179,179,EAST NORTH CENTRAL,2020,24,1.0
180,180,EAST NORTH CENTRAL,2020,25,4.0
181,181,EAST NORTH CENTRAL,2020,26,
182,182,EAST NORTH CENTRAL,2020,27,3.0
183,183,EAST NORTH CENTRAL,2020,28,3.0
184,184,EAST NORTH CENTRAL,2020,29,1.0
185,185,EAST NORTH CENTRAL,2020,30,2.0
186,186,EAST NORTH CENTRAL,2020,31,1.0
187,187,EAST NORTH CENTRAL,2020,32,3.0
188,188,EAST NORTH CENTRAL,2020,33,3.0
189,189,EAST NORTH CENTRAL,2020,34,
190,190,EAST NORTH CENTRAL,2020,35,
191,191,EAST NORTH CENTRAL,2020,36,
192,192,EAST NORTH CENTRAL,2020,37,
193,193,EAST NORTH CENTRAL,2020,38,4.0
194,194,EAST NORTH CENTRAL,2020,39,1.0
195,195,EAST NORTH CENTRAL,2020,40,2.0
196,196,EAST NORTH CENTRAL,2020,41,1.0
197,197,EAST NORTH CENTRAL,2020,42,
198,198,EAST NORTH CENTRAL,2020,43,2.0
199,199,EAST NORTH CENTRAL,2020,44,
200,200,EAST NORTH CENTRAL,2020,45,2.0
201,201,EAST NORTH CENTRAL,2020,46,
202,202,EAST NORTH CENTRAL,2020,47,
203,203,EAST NORTH CENTRAL,2020,48,
204,204,EAST NORTH CENTRAL,2020,49,
205,205,EAST NORTH CENTRAL,2020,50,
206,206,EAST NORTH CENTRAL,2020,51,
207,207,EAST NORTH CENTRAL,2020,52,1.0
208,208,EAST NORTH CENTRAL,2020,53,
209,209,EAST NORTH CENTRAL,2021,1,
210,210,EAST NORTH CENTRAL,2021,2,
211,211,EAST NORTH CENTRAL,2021,3,
212,212,EAST NORTH CENTRAL,2021,4,2.0
213,213,EAST NORTH CENTRAL,2021,5,
214,214,EAST NORTH CENTRAL,2021,6,
215,215,EAST NORTH CENTRAL,2021,7,
216,216,EAST NORTH CENTRAL,2021,8,
217,217,EAST NORTH CENTRAL,2021,9,
218,218,EAST NORTH CENTRAL,2021,10,
219,219,EAST NORTH CENTRAL,2021,11,
220,220,EAST NORTH CENTRAL,2021,12,
221,221,EAST NORTH CENTRAL,2021,13,
222,222,EAST NORTH CENTRAL,2021,14,
223,223,EAST NORTH CENTRAL,2021,15,
224,224,EAST NORTH CENTRAL,2021,16,
225,225,EAST NORTH CENTRAL,2021,17,
226,226,EAST NORTH CENTRAL,2021,18,
227,227,EAST NORTH CENTRAL,2021,19,
228,228,EAST NORTH CENTRAL,2021,20,
229,229,EAST NORTH CENTRAL,2021,21,1.0
230,230,EAST NORTH CENTRAL,2021,22,
231,231,EAST NORTH CENTRAL,2021,23,
232,232,EAST NORTH CENTRAL,2021,24,1.0
233,233,EAST NORTH CENTRAL,2021,25,5.0
234,234,EAST NORTH CENTRAL,2021,26,
235,235,EAST NORTH CENTRAL,2021,27,
236,236,EAST NORTH CENTRAL,2021,28,
237,237,EAST NORTH CENTRAL,2021,29,
238,238,EAST NORTH CENTRAL,2021,30,
239,239,EAST NORTH CENTRAL,2021,31,
240,240,EAST NORTH CENTRAL,2021,32,
241,241,EAST NORTH CENTRAL,2021,33,
242,242,EAST NORTH CENTRAL,2021,34,
243,243,EAST NORTH CENTRAL,2021,35,
244,244,EAST NORTH CENTRAL,2021,36,1.0
245,245,EAST NORTH CENTRAL,2021,37,
246,246,EAST NORTH CENTRAL,2021,38,
247,247,EAST NORTH CENTRAL,2021,39,
248,248,EAST NORTH CENTRAL,2021,40,
249,249,EAST NORTH CENTRAL,2021,41,1.0
250,250,EAST NORTH CENTRAL,2021,42,1.0
251,251,EAST NORTH CENTRAL,2021,43,
252,252,EAST NORTH CENTRAL,2021,44,
253,253,EAST NORTH CENTRAL,2021,45,
254,254,EAST NORTH CENTRAL,2021,46,
255,255,EAST NORTH CENTRAL,2021,47,1.0
256,256,EAST NORTH CENTRAL,2021,48,
257,257,EAST NORTH CENTRAL,2021,49,
258,258,EAST NORTH CENTRAL,2021,50,
259,259,EAST NORTH CENTRAL,2021,51,
260,260,EAST NORTH CENTRAL,2021,52,
261,261,EAST NORTH CENTRAL,2022,1,
262,262,EAST NORTH CENTRAL,2022,2,
263,263,EAST NORTH CENTRAL,2022,2,
264,264,EAST NORTH CENTRAL,2022,3,
265,265,EAST NORTH CENTRAL,2022,4,
266,266,EAST NORTH CENTRAL,2022,5,
267,0,EAST NORTH CENTRAL,2023,39,8.0
268,1,EAST NORTH CENTRAL,2023,8,12.0
269,2,EAST NORTH CENTRAL,2023,1,5.0
270,3,EAST NORTH CENTRAL,2023,6,1.0
271,4,EAST NORTH CENTRAL,2023,2,
272,5,EAST NORTH CENTRAL,2023,11,8.0
273,6,EAST NORTH CENTRAL,2023,3,5.0
274,7,EAST NORTH CENTRAL,2023,7,6.0
275,8,EAST NORTH CENTRAL,2023,4,5.0
276,9,EAST NORTH CENTRAL,2023,18,15.0
277,10,EAST NORTH CENTRAL,2023,5,11.0
278,11,EAST NORTH CENTRAL,2023,13,17.0
279,12,EAST NORTH CENTRAL,2023,9,18.0
280,13,EAST NORTH CENTRAL,2023,25,24.0
281,14,EAST NORTH CENTRAL,2023,10,12.0
282,15,EAST NORTH CENTRAL,2023,14,14.0
283,16,EAST NORTH CENTRAL,2023,19,33.0
284,17,EAST NORTH CENTRAL,2023,15,9.0
285,18,EAST NORTH CENTRAL,2023,32,18.0
286,19,EAST NORTH CENTRAL,2023,16,12.0
287,20,EAST NORTH CENTRAL,2023,17,10.0
288,21,EAST NORTH CENTRAL,2023,20,17.0
289,22,EAST NORTH CENTRAL,2023,26,14.0
290,23,EAST NORTH CENTRAL,2023,21,18.0
291,24,EAST NORTH CENTRAL,2023,22,19.0
292,25,EAST NORTH CENTRAL,2023,27,13.0
293,26,EAST NORTH CENTRAL,2023,23,22.0
294,27,EAST NORTH CENTRAL,2023,33,6.0
295,28,EAST NORTH CENTRAL,2023,24,41.0
296,29,EAST NORTH CENTRAL,2023,28,13.0
297,30,EAST NORTH CENTRAL,2023,40,4.0
298,31,EAST NORTH CENTRAL,2023,29,9.0
299,32,EAST NORTH CENTRAL,2023,34,4.0
300,33,EAST NORTH CENTRAL,2023,48,29.0
301,34,EAST NORTH CENTRAL,2023,30,7.0
302,35,EAST NORTH CENTRAL,2023,31,22.0
303,36,EAST NORTH CENTRAL,2023,35,10.0
304,37,EAST NORTH CENTRAL,2023,41,14.0
305,38,EAST NORTH CENTRAL,2024,6,18.0
306,39,EAST NORTH CENTRAL,2023,36,7.0
307,40,EAST NORTH CENTRAL,2023,37,14.0
308,41,EAST NORTH CENTRAL,2023,42,21.0
309,42,EAST NORTH CENTRAL,2023,49,33.0
310,43,EAST NORTH CENTRAL,2023,38,6.0
311,44,EAST NORTH CENTRAL,2024,19,19.0
312,45,EAST NORTH CENTRAL,2023,43,29.0
313,46,EAST NORTH CENTRAL,2023,50,32.0
314,47,EAST NORTH CENTRAL,2024,7,14.0
315,48,EAST NORTH CENTRAL,2023,44,14.0
316,49,EAST NORTH CENTRAL,2023,45,29.0
317,50,EAST NORTH CENTRAL,2023,51,17.0
318,51,EAST NORTH CENTRAL,2024,40,62.0
319,52,EAST NORTH CENTRAL,2023,46,40.0
320,53,EAST NORTH CENTRAL,2024,41,60.0
321,54,EAST NORTH CENTRAL,2024,8,6.0
322,55,EAST NORTH CENTRAL,2023,47,31.0
323,56,EAST NORTH CENTRAL,2023,52,
324,57,EAST NORTH CENTRAL,2024,20,23.0
325,58,EAST NORTH CENTRAL,2024,1,15.0
326,59,EAST NORTH CENTRAL,2024,10,7.0
327,60,EAST NORTH CENTRAL,2024,2,23.0
328,61,EAST NORTH CENTRAL,2024,3,17.0
329,62,EAST NORTH CENTRAL,2024,11,11.0
330,63,EAST NORTH CENTRAL,2024,4,21.0
331,64,East North Central,2025,4,51.0
332,65,EAST NORTH CENTRAL,2024,21,21.0
333,66,EAST NORTH CENTRAL,2024,5,14.0
334,67,EAST NORTH CENTRAL,2024,12,5.0
335,68,EAST NORTH CENTRAL,2024,22,17.0
336,69,EAST NORTH CENTRAL,2024,13,8.0
337,70,EAST NORTH CENTRAL,2024,14,16.0
338,71,EAST NORTH CENTRAL,2024,23,30.0
339,72,EAST NORTH CENTRAL,2024,15,13.0
340,73,EAST NORTH CENTRAL,2024,16,21.0
341,74,EAST NORTH CENTRAL,2024,44,111.0
342,75,EAST NORTH CENTRAL,2024,18,18.0
343,76,EAST NORTH CENTRAL,2024,24,26.0
344,77,East North Central,2025,5,47.0
345,78,EAST NORTH CENTRAL,2024,45,102.0
346,79,EAST NORTH CENTRAL,2024,25,18.0
347,80,EAST NORTH CENTRAL,2024,26,31.0
348,81,EAST NORTH CENTRAL,2024,46,109.0
349,82,EAST NORTH CENTRAL,2024,27,14.0
350,83,EAST NORTH CENTRAL,2024,42,119.0
351,84,EAST NORTH CENTRAL,2024,28,21.0
352,85,EAST NORTH CENTRAL,2024,29,14.0
353,86,East North Central,2025,6,58.0
354,87,EAST NORTH CENTRAL,2024,43,126.0
355,88,EAST NORTH CENTRAL,2024,30,30.0
356,89,EAST NORTH CENTRAL,2024,31,36.0
357,90,EAST NORTH CENTRAL,2024,32,30.0
358,91,EAST NORTH CENTRAL,2024,47,95.0
359,92,EAST NORTH CENTRAL,2024,33,25.0
360,93,EAST NORTH CENTRAL,2024,34,28.0
361,94,East North Central,2025,7,38.0
362,95,EAST NORTH CENTRAL,2024,48,112.0
363,96,EAST NORTH CENTRAL,2024,35,43.0
364,97,EAST NORTH CENTRAL,2024,36,27.0
365,98,EAST NORTH CENTRAL,2024,37,46.0
366,99,EAST NORTH CENTRAL,2024,49,124.0
367,100,EAST NORTH CENTRAL,2024,38,54.0
368,101,EAST NORTH CENTRAL,2024,39,44.0
369,102,EAST NORTH CENTRAL,2024,50,130.0
370,103,East North Central,2025,8,30.0
371,104,EAST NORTH CENTRAL,2024,51,82.0
372,105,EAST NORTH CENTRAL,2024,52,46.0
373,106,East North Central,2025,9,40.0
374,107,EAST NORTH CENTRAL,2024,9,14.0
375,108,EAST NORTH CENTRAL,2024,17,14.0
376,109,East North Central,2025,10,39.0
377,110,East North Central,2025,1,11.0
378,111,East North Central,2025,2,66.0
379,112,East North Central,2025,11,25.0
380,113,East North Central,2025,3,51.0
