"","b1","b2","b3","k1","k2","k3","mu_EI","mu_IR","rho","eta","N","mu_RS","loglik","loglik.se"
"1",10.4460624149662,76.6929905546146,62.8887443083917,0.964500805687615,4.56783876292041,0.439841893858793,0.662474483436451,0.93087465194741,0.34935226872945,0.0700432917309941,34530000,0.005,-1278.72046715768,0.00258540081018243
"2",7.51258054127478,45.1266285246314,33.9286239902931,1.01037323012847,4.53953413593613,0.445620959914004,1.1337936860028,0.567363739001907,0.35083130344775,0.0533868258062914,34530000,0.005,-1277.27632183581,0.00175113657170834
"3",5.56142016752042,45.6498315535193,37.6376755484404,0.845704652669327,4.8517743295641,0.443447560914245,1.25008122499582,0.593760057915903,0.369572397720783,0.0946802068030581,34530000,0.005,-1281.32990924048,0.00299042777489628
"4",8.75945501214648,52.8090778868564,37.0250880229804,1.03409136174481,4.5485230556685,0.443214485902479,0.906140520093702,0.578188550500867,0.347949864464665,0.0428587568163292,34530000,0.005,-1276.96162795453,0.00190730118316131
"5",8.82109416822812,51.818114997541,37.0531543807592,1.02504051271091,4.60841903651099,0.439256290462759,0.897306709421565,0.598832860246119,0.34919563189741,0.0449366345652802,34530000,0.005,-1276.95755914549,0.00212000993115664
"6",9.13973253172195,54.7629253848928,39.1913791344737,1.03343356171032,4.53467004737603,0.441710278093802,0.848041968788821,0.59542642713928,0.34861313208097,0.0423759906289884,34530000,0.005,-1276.95698015626,0.00190609025397997
"7",15.6696710372143,43.6134368231367,35.9909435145156,0.29015877639509,4.894098329836,0.4367053743549,1.16473334988286,0.980795261519269,0.392508851338691,0.323741051895179,34530000,0.005,-1325.1590045671,0.000305206382592631
"8",14.3359871328379,39.5893325835225,33.3100856449972,0.291274148458214,4.95334672121141,0.425804722750359,1.33608388921543,0.879435715716514,0.391470376287008,0.191316630024171,34530000,0.005,-1324.45223166127,0.0003462118993129
"9",14.8678907974905,41.9770350084558,34.2913538050464,0.291316481235727,4.99454984579279,0.422411950279558,1.24771017370646,0.92091510858428,0.391141910461124,0.224105645951403,34530000,0.005,-1324.73445559912,0.000367855234239942
"10",8.60073933427061,51.970578725418,38.0118152771703,1.03630246424949,4.58444841331085,0.443816949254154,0.925916201560232,0.59304249859246,0.347629081891771,0.0466556217089219,34530000,0.005,-1277.0082535939,0.00171357386480844
"11",16.0823853540744,45.1246088884925,37.1065094349294,0.289109160046445,4.91056456450537,0.429705959297853,1.1116192264924,0.987112685749053,0.391911653680743,0.233012213590319,34530000,0.005,-1324.79175702239,0.00017730724075726
"12",7.65212175474322,60.7516735693758,49.3222053513733,0.949697982773305,4.64411482279141,0.446753167472257,0.884617271589086,0.681254250383581,0.3492474334894,0.0724656356820042,34530000,0.005,-1278.83646630114,0.00213227141728129
"13",15.3140823053821,43.0661039970483,36.1898046389427,0.291211349326443,4.98331343915469,0.425027522133141,1.22063076447515,0.949480336550196,0.39207989089394,0.158095075098873,34530000,0.005,-1323.90594931399,0.000401857303364665
"14",8.89665744542214,52.8689204266568,36.80845992749,1.03795131081958,4.5359845499735,0.441067036897773,0.888099948251495,0.582970184248237,0.349175365864065,0.0424389306973468,34530000,0.005,-1276.95625992068,0.00300825437983407
"15",8.85907301097881,55.402519213082,42.5786786236343,1.02720462461317,4.6321327131592,0.442404597855471,0.865904656302462,0.639370394589734,0.348716831307356,0.0502395262201066,34530000,0.005,-1277.12289270838,0.00265097992901679
"16",15.0067319509313,42.2387100055085,34.4953957288265,0.295949223640292,4.9050647868371,0.435038622897338,1.25674258264877,0.924047019144053,0.389899702461144,0.156074271630475,34530000,0.005,-1323.86629176817,0.000492704366373672
"17",7.76869924193447,42.7268590343657,35.2679532988131,0.415312140738025,4.53063833088588,0.45430475959242,1.20898554619686,0.87744917337561,0.371899119224357,0.0922402769104189,34530000,0.005,-1291.90896352283,0.00305405350140064
"18",15.3531743454524,42.6858354588103,35.77798302576,0.298881636193174,4.91980123388643,0.426927879386645,1.20454396537905,0.931901682526099,0.389825225220965,0.167092687165594,34530000,0.005,-1324.11851162476,0.000443344074672566
"19",15.0039781244769,42.0505890293581,34.8458109738261,0.301117049484673,4.85275867517532,0.435535147968576,1.28656582708297,0.927104958772967,0.387269106900462,0.127313914359782,34530000,0.005,-1322.93924086296,0.000613747893719571
"20",8.61764230493008,53.2460611178858,37.0962852983331,1.03211543361734,4.52944753870498,0.437329849445766,0.91329247043113,0.569960389368057,0.347432303482118,0.0435234171276644,34530000,0.005,-1276.97344653355,0.00127838171529807
"21",15.1707681737697,42.7434257482069,35.4805653097865,0.286369050582281,4.94723028660323,0.433630489635902,1.18974105741925,0.936795493881836,0.391603556659537,0.310404643813945,34530000,0.005,-1325.10929922739,0.000309055985213513
"22",15.1948903919275,42.9662849486777,35.5432221497588,0.292306740624556,4.88750198181554,0.430250505479419,1.18922657600477,0.933463371287735,0.390616427558203,0.243098264608302,34530000,0.005,-1324.86196491526,0.000341131466417634
"23",8.86832704337264,53.3609224611055,37.6695887808702,1.03661452495442,4.56454109985948,0.447371838496042,0.884464896207067,0.579789483752626,0.347857572668647,0.0427685719494095,34530000,0.005,-1276.95230044442,0.00213192238869991
"24",15.444665140332,42.7644656175697,36.0921139881411,0.301549664695161,4.95073568673344,0.427184461823282,1.23625892943328,0.946488444237022,0.38880051548007,0.139109080177946,34530000,0.005,-1323.4002901363,0.000456829662854395
"25",14.9958493027657,41.8378902540234,35.0624982084262,0.292764310072309,4.98822125598575,0.423460924644979,1.23700873636693,0.923402244428151,0.394941797224187,0.180097146451283,34530000,0.005,-1324.31427202382,0.00038113660638923
"26",14.8692725426961,42.1597741249877,34.0528088056354,0.290555792989898,5.03318982102818,0.432602935531969,1.23315341316422,0.914006588283582,0.392495171960587,0.242664325167139,34530000,0.005,-1324.84286424,0.000263871190621021
"27",16.4125934887955,46.0614524366358,37.9364263659251,0.287683597566284,4.92321840322266,0.426271770103083,1.09095956518393,1.00555158699468,0.390024758717255,0.211639721847845,34530000,0.005,-1324.64607063669,0.000347103257975898
"28",8.89380932873886,53.0996936611279,37.312597809799,1.0306539782441,4.53236730080166,0.442288195841327,0.88289190250576,0.576850512263233,0.348585289834543,0.0417798869817854,34530000,0.005,-1276.96245959923,0.00177141412971466
"29",15.6845419290043,42.8938086602355,36.8210117374194,0.300229588549426,5.01017090924413,0.432123391963572,1.21403570810426,0.971617167452928,0.393009325280619,0.157446209118646,34530000,0.005,-1323.91768848187,0.000264158187062395
"30",14.9600906730765,42.6592806470388,34.7906505797057,0.295309505587405,4.93319060727479,0.429274137278585,1.2218542342037,0.909723474958992,0.387328136414142,0.175498605613501,34530000,0.005,-1324.25441790371,0.000434962368551179
"31",8.88925205574649,53.8176626609702,37.8333975102391,1.03180391980558,4.56704231485038,0.444545052936649,0.882540283532085,0.579836526585372,0.348291337929747,0.0423798843792948,34530000,0.005,-1276.9549228905,0.00193556639097968
"32",8.19505352588261,48.4184468033791,35.7419413660834,1.02334938505638,4.62312279210267,0.444249403452456,1.00897931756329,0.582976383857907,0.350864519312097,0.0483571163246735,34530000,0.005,-1277.04871262341,0.00174698768396325
"33",8.69997246092103,51.4311299077076,36.2764920606067,1.02895679787831,4.56417636935346,0.439969615513786,0.913520647299503,0.583868081267574,0.348974883551248,0.0443843727830068,34530000,0.005,-1276.95592305827,0.00193749742944963
"34",14.8831127960426,42.382246664133,34.7989797765203,0.289579228419799,4.939700783087,0.425972331870923,1.21961585564062,0.926828303980873,0.395169987023411,0.319501299178029,34530000,0.005,-1325.16946354141,0.000294108466027334
"35",8.94236450729884,54.3825048666086,37.944170662338,1.0407385340875,4.54013836884179,0.442491197349839,0.879955427580422,0.593412825782891,0.34746815295772,0.0434681165037221,34530000,0.005,-1276.96340691984,0.00278989090246854
"36",8.20818498490689,47.2750495877433,34.2523296399749,1.03077639672345,4.54001349523639,0.441162919583931,1.0287669794756,0.547970510042537,0.350537615809039,0.0432786895257792,34530000,0.005,-1276.98190876481,0.00120407869361961
"37",16.8406701496661,48.1630721847998,38.84732436143,0.293263292930729,4.95066786722832,0.427026224957389,1.04188101843062,1.0416535570486,0.38822832363574,0.279367475996606,34530000,0.005,-1325.05675126771,0.000531504101844933
"38",8.52553464843376,50.797324216006,35.7093430860803,1.03227738825157,4.52448365457082,0.444671963580109,0.947613294286558,0.562975680107776,0.347153199322847,0.0429563506645704,34530000,0.005,-1276.95999714851,0.000856180452749718
"39",8.93479163918584,52.9077834115353,37.0371871973099,1.04032660965469,4.58109544839404,0.441355761231667,0.888185343724666,0.588091496703801,0.347757059643719,0.0427155765389967,34530000,0.005,-1276.94449394062,0.00287348383405002
"40",8.85888231997955,51.4339295592674,36.5623625380453,1.03831474097211,4.60424897142518,0.439377795283473,0.920704018920317,0.592957083585801,0.349313923300923,0.043304842683299,34530000,0.005,-1276.94905214446,0.00176389271299488
"41",15.5511747616626,44.1233896325766,36.3283751015354,0.292650213454614,4.96183597996127,0.432424313114377,1.14789981547146,0.967520503800041,0.392728390964443,0.328753476264101,34530000,0.005,-1325.18861818841,0.00027296291687757
"42",8.54481470322914,51.7384809118769,38.3928928857387,1.01291024405329,4.69541532318392,0.447217542217599,0.92362812840358,0.600245824859906,0.351800827499942,0.0477134627333769,34530000,0.005,-1277.02404852083,0.001348196425751
"43",7.24441086586457,52.4200350753222,40.9652936727599,1.01346827350292,4.66239413638469,0.441937914998975,1.02148510884809,0.611769536978327,0.349444783945278,0.0660868840204403,34530000,0.005,-1278.20587464223,0.00116598082734857
"44",15.9994335715415,44.5739985884981,36.9375057697181,0.292658724848952,4.94495534142565,0.427202723655052,1.11823966389839,0.990403260016427,0.392760697930209,0.343346655892138,34530000,0.005,-1325.23725980323,0.000280679257472155
"45",14.5816756610419,41.2334071994718,33.7965038274516,0.292328725639274,4.86884373786577,0.433352332488456,1.26904445121819,0.891692446400407,0.387500539854606,0.222101389684806,34530000,0.005,-1324.74457214555,0.000272425019604463
"46",9.26486941104784,53.7041713085146,39.1224234662026,1.02842765683385,4.53264053414349,0.439501881215315,0.856730230583341,0.605027800986863,0.349804297139699,0.0420746213489078,34530000,0.005,-1276.95239912608,0.00149975652861113
"47",16.2337596067081,46.2265492620095,37.9043332187329,0.293463892640701,4.98999379467938,0.426575363414955,1.0862884882156,1.0090713693303,0.39624723015166,0.320997171985369,34530000,0.005,-1325.1941409524,0.000166288938344783
"48",15.2083967685098,42.7959134070499,35.3516964424312,0.285485039555057,4.92786595207577,0.429043638978503,1.19748994554551,0.940185434407232,0.394547243886233,0.278032095963786,34530000,0.005,-1324.99747186639,0.000214701233437761
"49",8.67478709002747,50.6730568429118,37.1466532676766,1.03867385464545,4.59697201882989,0.443565300451547,0.928874210861845,0.573097035800197,0.350870512171694,0.0426810349268663,34530000,0.005,-1276.96619795584,0.00239858349179692
"50",16.307066487866,45.6897006155959,37.3625732891349,0.29094973432447,4.93688687749447,0.432395669281219,1.11364314445144,0.995404025533349,0.390593655707261,0.187504489746852,34530000,0.005,-1324.40586808446,0.000300911596960382
"51",16.1080571339696,45.6569770865744,37.3913819511838,0.291081435432194,4.93327247383159,0.430558607182753,1.10237743156621,0.993639331227631,0.389331476138821,0.23290323297469,34530000,0.005,-1324.79805137832,0.000214571660787379
"52",15.7117844318147,44.3845555342141,36.2666401667022,0.293398787913832,5.03909001553014,0.421797762621233,1.14688030818769,0.955439870870803,0.390842370108111,0.184231801291481,34530000,0.005,-1324.36888354052,0.000384836449370247
"53",15.3205051943799,42.3509658766156,35.2065843309212,0.289634229989008,4.9444320912643,0.429573211486437,1.1941494920232,0.945595847415996,0.394215298889116,0.239943611735741,34530000,0.005,-1324.82172766959,0.000359436604492703
"54",8.88411854130493,52.7801431241899,36.7482319205528,1.02880278845114,4.57323672998299,0.444352397456714,0.899483338981404,0.582189494105182,0.349856550591666,0.0421688716470569,34530000,0.005,-1276.95423790524,0.00204273475667223
"55",14.9347119950506,42.3776154232327,35.1038022872621,0.288066142526115,4.89164495714726,0.425276312451177,1.19965826450672,0.924356287423464,0.393770219412883,0.336667359602723,34530000,0.005,-1325.22314681746,0.000278417185459295
"56",16.8460013407458,46.6907609756828,38.9310425864195,0.295242013967133,5.03837089000023,0.433540898030354,1.09324804070516,1.03180220405662,0.391177344379062,0.14358111981879,34530000,0.005,-1323.55530228849,0.00048845453636749
"57",15.7494425886339,44.6127517878094,37.5309118667718,0.288616618694861,4.90423420392724,0.43358351223935,1.13025264516106,0.970693351248528,0.389918246955645,0.258756090382142,34530000,0.005,-1324.92759703218,0.000325932735668392
"58",15.8437118250707,44.5645844076192,36.9966578343003,0.291807917580458,4.97271989198833,0.430313976875062,1.12479026660443,0.981029666490342,0.390902390309319,0.318407172597253,34530000,0.005,-1325.14846215626,0.00024490899008554
"59",13.6661466182783,38.0428371055228,31.2666675678069,0.305986959843349,4.95663892940441,0.433783742117551,1.4720985143391,0.829617834571755,0.387391017016084,0.131368256730361,34530000,0.005,-1323.16193019548,0.000328952353612374
"60",7.24062808169708,53.5755227009988,48.8848006026879,0.79424253149102,4.48717371750058,0.431041321353798,1.05782820561831,0.863582344408066,0.377451023266373,0.0988110319658771,34530000,0.005,-1282.6557802834,0.00163076201298779
"61",8.95006059746733,55.0600695030522,38.2747132545102,1.04638643872354,4.58172115738281,0.435236815490393,0.862003267627217,0.596305497851529,0.347113881605518,0.0439113978594123,34530000,0.005,-1276.97908619199,0.00251090567337558
"62",6.7407427229868,55.7299425499958,49.8753438880001,0.959062062094054,4.54841656534555,0.447016255494444,0.970825045320673,0.641857609954214,0.34819316977234,0.0815122343241222,34530000,0.005,-1279.72655369404,0.00249649244069507
"63",15.419754344124,42.9760899277635,35.4809009509755,0.289555856607935,4.87149747196658,0.430950318098144,1.1851236567095,0.950793225528848,0.391571005543252,0.268232165349096,34530000,0.005,-1324.96085264626,0.000167095880282476
"64",8.06311659706191,47.1348421014997,34.0210188439181,1.03022870679409,4.55769932997659,0.443902580492609,1.04112301615584,0.560944875746902,0.348526055273357,0.0465718672126903,34530000,0.005,-1277.00511959233,0.0018253541075323
"65",8.89853844310212,51.6980776209842,37.6205079926108,1.03673257863663,4.55258001017731,0.445196896539729,0.888177122609995,0.589401084630415,0.349203775701046,0.0431353614249378,34530000,0.005,-1276.94655277927,0.0018711400271473
"66",8.31541520191378,49.6665507369439,36.3600977593723,1.03239397406068,4.50863350144149,0.438832229360856,0.965894083308074,0.560764485494142,0.347663893713785,0.0449268085629193,34530000,0.005,-1276.9838392575,0.00218537256542938
"67",15.8165653279012,44.4195548223157,37.4640695459182,0.285079167637433,4.9066748653012,0.428413563163422,1.11973546208705,0.971592128413242,0.389611362047864,0.290231901266802,34530000,0.005,-1325.04851141072,0.00031374389590897
"68",16.0978431505493,44.0539418691042,37.0946568963772,0.312704092014935,5.08050738746155,0.420545546162473,1.25325714594589,1.0573899698435,0.395825964482921,0.0946867246070602,34530000,0.005,-1320.56107810276,0.00126881019381702
"69",15.3121032123081,42.9151172164613,35.9558012251966,0.28492165894813,4.95717859265027,0.427588229597951,1.17011466209397,0.951895431507169,0.395799581938153,0.325873111054276,34530000,0.005,-1325.16002492614,0.000262825589565173
"70",8.29660358625344,49.3753011297243,36.6591985664301,1.03145982427978,4.57651460397366,0.444010790143266,0.980111622259743,0.579273998212967,0.346870753188684,0.0472827148905953,34530000,0.005,-1277.01256681774,0.00234349931539927
"71",7.91869939848152,50.8353389054125,37.5526521836873,1.01081769903917,4.60020717765327,0.442060263636009,1.01427404734824,0.602610572033079,0.34799807305526,0.0546334247741625,34530000,0.005,-1277.33154410866,0.00243264830173505
"72",9.17464609902597,55.2240302372746,38.5041605698198,1.04349625144882,4.56104660364081,0.438384398284554,0.862800236488198,0.604811953646776,0.348985101556917,0.0427581932732645,34530000,0.005,-1276.96189861795,0.0026400403275007
"73",15.7402503898191,44.3044045647242,37.0456823345102,0.293188258813572,4.97579252771651,0.424964714027049,1.13963582616783,0.974497159168892,0.391125779083201,0.277975465957214,34530000,0.005,-1325.0167507972,0.000282571336108736
"74",15.8733850962839,43.2763230780309,36.6107017757067,0.304158576845737,4.9369744692474,0.427477874412453,1.21625426359929,0.977423701268685,0.392266122464493,0.151461776209529,34530000,0.005,-1323.80650810334,0.00039640745574857
"75",15.810208779173,44.7447641882248,37.3228001280036,0.285201619112323,4.94392855785549,0.419137258420151,1.12436969941603,0.982713220819711,0.394037650852195,0.335832832203259,34530000,0.005,-1325.20104469819,0.000311634656856714
"76",9.30369938733391,55.4383632440646,39.4181094956438,1.02873789983562,4.5225985744617,0.444699006803684,0.836553277933006,0.618767746276702,0.347893995471075,0.0433855446748865,34530000,0.005,-1276.95152419578,0.00160405255136855
"77",9.31776014013462,55.3896763921012,39.4213265913768,1.04607823069057,4.61668809324313,0.441400896952536,0.84157764113546,0.611540177161549,0.350152694876108,0.0423402667246426,34530000,0.005,-1276.96145462368,0.00209523479156049
"78",7.53216873853528,48.5816178445439,37.2256065390051,1.00273790742276,4.59351110298737,0.44144872799049,1.05502136975084,0.589545595805633,0.350964037351849,0.0576705862375489,34530000,0.005,-1277.5281725957,0.00224259531694325
"79",16.3577618769183,45.3939862056907,37.2028005223461,0.286138175745738,4.94796253998092,0.436994776527858,1.09326142156144,1.01650443732885,0.393548183003804,0.351890808962592,34530000,0.005,-1325.23204380947,0.000215645786072806
"80",8.30526956232928,49.4501961634189,36.2525101322442,1.0295127839877,4.53924655601279,0.437132604943807,0.993903304260348,0.569508935939407,0.347427564967449,0.0456294543657388,34530000,0.005,-1276.99788932956,0.00134101356198711
"81",9.18375501852785,55.4253157056646,38.5250023554809,1.02655276022936,4.60088227786173,0.442274382885911,0.852019837402716,0.604669816251806,0.349620329258045,0.0427715492005421,34530000,0.005,-1276.9491758345,0.00115956626820931
"82",15.5758810497062,44.0560138758764,36.2557582488689,0.292197353475658,5.09026773135517,0.429202117780606,1.14258857975763,0.97032503546915,0.394617170538675,0.330324251664145,34530000,0.005,-1325.18715729257,0.000173352024956697
"83",15.6030160715511,43.7181747360136,35.9775206575311,0.293085158893153,5.01314901767103,0.427989125502037,1.1674033502379,0.953495885936882,0.389457309417146,0.187841722992533,34530000,0.005,-1324.39581713638,0.000271354453358949
"84",6.19711828869806,40.4777780819622,29.8655461327477,1.02814420996728,4.5511199048141,0.451761872097296,1.46172470615012,0.50409569366406,0.344936723059126,0.0627552437804765,34530000,0.005,-1277.97782120409,0.00170248897863618
"85",5.92335362433026,39.3654406047441,29.3002932191036,1.03647496837563,4.46022609883688,0.442809002661125,1.63444045248189,0.490482619924948,0.343630091110283,0.06406492969425,34530000,0.005,-1278.12936726656,0.00147503008097774
"86",15.4163173820527,43.3447407796178,35.752525357913,0.291122635716512,4.94522506730818,0.427985203871482,1.1670018023216,0.954913548316571,0.391335797929852,0.310703813156152,34530000,0.005,-1325.11986149399,0.000195433730750369
"87",14.9369383470738,41.9473530423355,35.2540544015979,0.291904043662517,5.05924444362181,0.422711663902289,1.24086688579578,0.924789653794995,0.395142088713734,0.217304304803678,34530000,0.005,-1324.70053243037,0.000248117888735686
"88",15.9940204381349,45.0753470975062,36.9883297450808,0.289812276239439,4.91148660436613,0.431674434674478,1.11032284015416,0.996983055150185,0.389534376587205,0.377192606696648,34530000,0.005,-1325.32695776881,0.000392159487868612
"89",8.84903963892759,53.2771464384559,37.5807908615489,1.02204353164871,4.47827584100072,0.444380679673546,0.875079528658716,0.571976166105656,0.348169739676046,0.0419194389146732,34530000,0.005,-1276.97223710722,0.00228109180542917
"90",15.2612233933367,43.3712381641339,35.7934947828677,0.291483824393519,4.89575518780072,0.432977776029107,1.19362458216937,0.933874554905032,0.388774750759038,0.2116537205636,34530000,0.005,-1324.65199825852,0.000340737228609477
"91",7.46343521646521,46.2183034752427,34.6638724039564,1.01707740833974,4.63426099019911,0.444809442620894,1.1217425931527,0.562419679160455,0.351023854266384,0.0536728144028226,34530000,0.005,-1277.29220761335,0.00197804452191231
"92",8.63636746426815,53.5240119171927,36.735635128444,1.03055247361368,4.51329864327703,0.436894923202728,0.908253455919574,0.573471112702625,0.348124124643969,0.0438287124665157,34530000,0.005,-1276.97620185442,0.00238242708640324
"93",15.314809653852,42.8175304262608,35.372221539652,0.304280979006528,4.90007812115344,0.443171184836098,1.25688864588935,0.941180576032715,0.38768765214281,0.126007421172619,34530000,0.005,-1322.88680676457,0.000790785349802245
"94",8.86733114079632,53.8560832141947,36.9964111687449,1.03439129392255,4.59683690289041,0.444612655817752,0.905260257383112,0.583654707489324,0.34940042090045,0.0427812809188766,34530000,0.005,-1276.96613485156,0.00184538994487988
"95",16.033840010286,44.7992405065691,36.9083892799917,0.292710025424106,4.93154602095377,0.425699847564053,1.11466971043682,0.978686747444374,0.391069644030368,0.225080142695055,34530000,0.005,-1324.75575636405,0.000341746692994657
"96",9.3255747098358,54.9213270441866,38.4533371725389,1.03147698322874,4.57709123608799,0.442731260504028,0.841455726816027,0.594880728292863,0.350404982715076,0.0406525074031334,34530000,0.005,-1276.96321921259,0.00270027090132225
"97",15.4356385784468,44.0384212291583,35.8800183948649,0.284741544367807,4.96511985928948,0.424674400609642,1.15394034011078,0.968185868542105,0.393620792296884,0.387720062823954,34530000,0.005,-1325.33935545501,0.00025289318475018
"98",15.6128630141403,43.4807279578847,36.3469371999412,0.295807520130852,4.93185171125557,0.422437402371193,1.19879962167677,0.964283348989089,0.38748889827605,0.174229751532817,34530000,0.005,-1324.22878980969,0.000283564555570781
"99",9.60205708172488,56.0453070822285,40.2610087720691,1.0126285122639,4.57128077775873,0.440696872693842,0.810767101285938,0.6215581664188,0.349802793102803,0.0414275161719037,34530000,0.005,-1276.95415253188,0.00257583672352177
"100",8.14303759444409,49.143118918992,34.8468543069676,1.03284512064538,4.51804537193224,0.437676446850153,1.0073185724137,0.567183966406549,0.347131205268461,0.0470942318043909,34530000,0.005,-1277.02510739824,0.00184063393261365
"101",10.4092406225521,70.4527487721956,57.7045409563348,0.994474647241709,4.52261902037608,0.441772685710508,0.698309906543196,0.87809201280183,0.345676035278841,0.063482239435123,34530000,0.005,-1278.08271389404,0.00172578898712845
"102",15.2082286552257,42.8708840153683,35.1516704875824,0.292038064898046,4.94519249549099,0.43726501642064,1.2145136150247,0.932652337549579,0.389482861420479,0.204965680723832,34530000,0.005,-1324.58150337164,0.000217722573458914
"103",8.59135514495179,50.3068357068528,35.3081715653962,1.0350045289094,4.58971367913134,0.438453430474918,0.935380189846438,0.573069889969565,0.349334017186506,0.0438812950209025,34530000,0.005,-1276.95713619336,0.00210526876282033
"104",8.81692418079371,53.5429781025267,38.5489873482109,1.02403809583537,4.5755919342904,0.43402930134228,0.879521548359454,0.59473213912041,0.348986940392457,0.0449275668625252,34530000,0.005,-1276.97857977619,0.00174002906697636
"105",8.22415107563925,50.7032588804969,35.8952444693175,1.03524030565958,4.54946644474429,0.436844254142334,0.966199440446316,0.563982425310644,0.347259860135477,0.0466774427551713,34530000,0.005,-1277.02251734564,0.00205805667448408
"106",13.3634213770746,37.5433036897466,30.9106152881499,0.319078099253121,4.63898250182931,0.427334629782337,1.56334695885971,0.889839229289851,0.387086759975664,0.0984284403443554,34530000,0.005,-1320.99554404662,0.000700472288401469
"107",8.56938556739088,50.2715442173365,36.3255108029127,1.03510270160975,4.64419827696894,0.443693883002621,0.944766665722091,0.581870511230666,0.349566520034404,0.0449364397942366,34530000,0.005,-1276.95796036032,0.00129472235015614
"108",9.3801473638398,57.3237284643109,40.4798829077894,1.03158576928152,4.60089525788114,0.44496551299895,0.818801063151196,0.618505012054041,0.349373465782799,0.0430342521323997,34530000,0.005,-1276.95941394187,0.00154197493566712
"109",13.3229637129614,36.3623963019285,30.9550166130717,0.308113582013878,4.89824976612909,0.425449772055472,1.66346697632332,0.868816281071611,0.397200851370736,0.107491863553155,34530000,0.005,-1321.76824480809,0.000775350450008084
"110",14.7392911417357,40.9233413283724,35.0039242575653,0.292025939508536,4.99290356375011,0.430224431870569,1.26022935045754,0.905789319816453,0.390571678679415,0.201405721412151,34530000,0.005,-1324.55024003363,0.00024630658701293
"111",14.6540611141884,40.9065124982355,34.1692030258734,0.295887318839694,4.87628011361159,0.422954927235584,1.27964341674183,0.891407770995602,0.390012090105527,0.156874107968848,34530000,0.005,-1323.90748558519,0.000478628789848471
"112",15.5492427361438,44.2334556617542,36.9327773255864,0.289628318275219,4.89876863928551,0.430255766564107,1.14489079164689,0.957758078459483,0.389772792524969,0.265548297458652,34530000,0.005,-1324.9632611093,0.000253666300679831
"113",13.238274217884,38.1253359442101,30.7961847471543,0.316187556402448,4.8533229758771,0.432173466285302,1.52942132619138,0.85484844895578,0.393240861248113,0.100150222333315,34530000,0.005,-1321.1721824595,0.000664171683755566
"114",15.0740637060773,42.0847104125724,34.9362398124117,0.287720064788835,5.05441651528435,0.430265795747422,1.21667046130797,0.929166106048406,0.393560031560002,0.296176772913411,34530000,0.005,-1325.06387946414,0.000441595090906571
"115",8.84011743179355,50.7966944392585,36.2617409682779,1.04266249905303,4.41032759275437,0.441456142286058,0.924847820152373,0.584484369000865,0.347633632976437,0.0424894443279037,34530000,0.005,-1276.96646615518,0.00199121747836732
"116",15.5060673043042,42.6313379484859,35.9889390199948,0.295455455734834,5.03790046853902,0.431695419304224,1.20135059893921,0.947071979199374,0.393195553736271,0.166661125828465,34530000,0.005,-1324.08202079269,0.000420819904216973
"117",7.53253419170127,44.9205991875044,33.3161608432782,1.02758094485075,4.57580092480889,0.442192349829349,1.13478665196863,0.54035649860406,0.349328572540483,0.049503704259872,34530000,0.005,-1277.12000099622,0.00171040053973526
"118",8.85809296515204,52.5982677505846,35.9469948475791,1.03517370789544,4.64559597478349,0.444828554984654,0.895604256859618,0.576793572579252,0.349952162983546,0.0419206971568053,34530000,0.005,-1276.94900440621,0.00207922961892383
"119",17.1589237923805,48.7653750555253,40.2955276934615,0.29842952191134,4.99983806028325,0.426322264115589,1.06866115994998,1.064693700056,0.390876243993395,0.127312081597299,34530000,0.005,-1322.9990188124,0.000483395713793198
"120",14.9522308628366,43.0134896716738,35.0790661642799,0.291439465955991,4.87989347145585,0.434796721075897,1.18018900175362,0.917291244409323,0.38949153278945,0.34038956279207,34530000,0.005,-1325.26953650353,0.00027353761832774
"121",6.35073693725138,40.0611065292937,28.8172377680983,0.38810385120282,3.8187865579977,0.440951956645722,1.38804407126971,0.751400045697013,0.380218331158815,0.0999723740528543,34530000,0.005,-1292.98969811527,0.00134803601185537
"122",8.74445527619002,52.0154205595958,37.4398062030135,1.03155605989829,4.63615313732832,0.447616377299726,0.915077992628345,0.589660213028872,0.350726129597826,0.0442268219686076,34530000,0.005,-1276.95837684011,0.00168578450702302
"123",7.24711948408055,43.4471873670107,31.7500570222931,1.04330634671367,4.46184508152135,0.446761878008192,1.2047979962617,0.513863035638363,0.345436534162353,0.0490938426350919,34530000,0.005,-1277.15171871337,0.00159831699469205
"124",15.2710058374571,42.7651363420205,35.7525488837286,0.288046446790302,4.9243130430192,0.430412046074558,1.16884889455369,0.943563406324106,0.390719886943355,0.312993108560585,34530000,0.005,-1325.12243448993,0.000215735044631201
"125",15.4562930978382,44.0462981083893,35.8203322699896,0.289167392058036,4.99883317875795,0.422612487880607,1.15560057543072,0.949648984615002,0.391117343403242,0.27111572937923,34530000,0.005,-1324.97852653253,0.000387264079825627
"126",8.61086534720709,52.0991693749394,35.8365431302768,1.03616420730195,4.49322859455277,0.443229363802124,0.924265077567564,0.570101763243315,0.347987034878239,0.0432885644640291,34530000,0.005,-1276.96664425995,0.00257976559305204
"127",7.79850854224091,51.089629641381,38.0478067423914,1.03761062474495,4.4856897807677,0.448573566512186,1.00486927383913,0.578138828721912,0.343467996526881,0.053014222067026,34530000,0.005,-1277.27390219972,0.00216261944708241
"128",6.03357390819777,46.7291112120143,38.0546984537556,0.914167717941448,4.69618855773975,0.448484831527924,1.25640180249884,0.586347332536947,0.363527952127765,0.0812289139898764,34530000,0.005,-1279.79624410124,0.00227043895932409
"129",8.41311280686261,48.6403236769575,35.0194880768932,1.04096381049022,4.59970966664328,0.442820709262313,0.968003994173857,0.56516499162791,0.347645014607497,0.0442872496512755,34530000,0.005,-1276.95747407965,0.00267712123358582
"130",15.178437719454,42.1032277157931,35.0994417300163,0.292602552982837,4.97823187401884,0.425815446168042,1.21233992533174,0.927375621674246,0.392773319635414,0.209090550846562,34530000,0.005,-1324.62215742337,0.000325048902623046
"131",9.48722261043168,58.9409972403274,41.9873153646245,1.02860734240225,4.52325443492018,0.434989852539766,0.795016403489226,0.619745138211153,0.349345971590337,0.0427175572143609,34530000,0.005,-1276.9897671516,0.00184748304923745
"132",16.1999745220163,45.9972684545517,37.802886528403,0.286549523471308,4.98317339394202,0.429257352686563,1.08006205820484,1.00908691993975,0.393775124052604,0.363804205613372,34530000,0.005,-1325.27669933491,0.000292368032376171
"133",16.0341977861996,45.2456434490103,37.9074661375829,0.288704704407518,5.00384859114194,0.428670070569079,1.10125924079843,0.98969972430945,0.392745803132292,0.28875860068212,34530000,0.005,-1325.04346224047,0.000234431263931356
"134",8.64865899498919,55.7770395052136,42.0470312402902,1.00873865840531,4.56895576629471,0.441487438695789,0.877357673059849,0.64314499941196,0.349648061517837,0.0525797197279002,34530000,0.005,-1277.23281446326,0.00184948582717503
"135",15.4285640002463,43.4283699086787,36.8770651765066,0.292995145390834,5.00884095049351,0.427642126513516,1.18599795639859,0.948924164785778,0.389038284392863,0.170737453964989,34530000,0.005,-1324.15648697239,0.000342005251973027
"136",9.19905390546915,54.6701177372542,40.0502210296574,1.02020907547981,4.60006786224544,0.44589339339018,0.847500777947613,0.599525446270215,0.348499593460658,0.0420535990320067,34530000,0.005,-1276.9516052039,0.00137485828113475
"137",15.2213485771354,42.6019355426377,35.8869191987805,0.291866204539964,4.9161983110937,0.430458580041162,1.22567976896227,0.936916590933651,0.391963585314931,0.177670264844765,34530000,0.005,-1324.26835064931,0.00031374588036205
"138",13.6277176116571,37.1877234950779,31.1700822432437,0.298668766347786,4.89860808809366,0.425295344539109,1.54055301905863,0.84939078814355,0.394215175594674,0.139229530590218,34530000,0.005,-1323.43822795455,0.000364003811956312
"139",8.13033997008725,48.5236743900545,34.2313943832806,1.03661702200281,4.57008815523234,0.44010519586826,1.00481427127428,0.547674765633368,0.34751024024793,0.0448660529292757,34530000,0.005,-1276.98230162061,0.00145770150879222
"140",15.5515648610274,44.0416072950301,36.7527068161386,0.287147367413051,4.88243472836018,0.426083212570306,1.14472389627542,0.958787427456836,0.390174094667805,0.334826557615787,34530000,0.005,-1325.21159495227,0.00029052374512537
"141",15.2951115509504,42.8963642563968,35.3007289081362,0.291081628848572,4.98886550751959,0.421491034195908,1.17357459635497,0.94195673730951,0.394047846781803,0.321215621164449,34530000,0.005,-1325.17124051073,0.000342117032588907
"142",14.0436260929849,38.0543219225311,33.453565564525,0.336791668652428,4.60574809519014,0.452433211047728,1.37422015934229,0.976252682050339,0.390933151375757,0.0860503626662807,34530000,0.005,-1319.38648072653,0.00112359778365559
"143",15.7449762086954,44.3784955781809,37.0383049379975,0.298466606215883,4.90187688455221,0.428885433476661,1.1474487331474,0.974192352770104,0.391282358344718,0.267082835489116,34530000,0.005,-1325.0169190217,0.000279208925602664
"144",8.73264178868095,50.1760807367563,35.5659455929778,1.04092245421034,4.48844206826234,0.435800385412095,0.921893479176061,0.567956220651505,0.347058669879647,0.0417630615358459,34530000,0.005,-1276.9612495642,0.00230818502889787
"145",9.47577198158125,62.0566125682161,57.9724805206739,0.907227477735998,4.90238391900478,0.435163414175119,0.792563570203596,0.906995775827195,0.37749518202447,0.073707918678525,34530000,0.005,-1279.54163733447,0.00150554527534245
"146",8.80490654424333,51.6946080978377,36.5592791545169,1.02385834765115,4.56090115986437,0.444607033855842,0.917793503225396,0.573575742635399,0.350220423538312,0.0416692305118227,34530000,0.005,-1276.9585320771,0.00166474830508078
"147",14.8954960556793,42.094491142672,34.1859430469952,0.287264565513989,5.01504098303618,0.432811731111045,1.23559176337281,0.926102435650834,0.392555120902871,0.284546915578343,34530000,0.005,-1325.01474093394,0.000283768764705017
"148",8.96921733374478,53.922027157187,37.791146745676,1.04043154421713,4.53974279419665,0.443370019014955,0.887573844867462,0.599814533990162,0.347893605535022,0.0437641262439638,34530000,0.005,-1276.96060272239,0.00160244537593846
"149",15.2858802971095,42.103598561183,35.5142158622158,0.300968433847618,4.9946441127801,0.436922701059874,1.26396331240459,0.938540363673123,0.389542999822223,0.140854974536341,34530000,0.005,-1323.44449217542,0.000572795237803119
"150",7.90516939030387,48.3652979185101,34.4927688048211,1.01137469398931,4.63052826495315,0.440649141366237,1.03030961610134,0.557306295314237,0.350245946649291,0.0485792885182679,34530000,0.005,-1277.07079718944,0.000768449680489153
"151",15.7840093454743,44.1525746878208,35.9189665770736,0.289403218427477,4.90090540113964,0.422740246580507,1.15055370924686,0.968369736318907,0.388167303326859,0.254648072126092,34530000,0.005,-1324.90681186669,0.000254558403342448
"152",15.8191173991253,44.723294991769,37.8783909481667,0.288770521917222,4.96695242323795,0.431677040544872,1.14500436984664,0.971773498276184,0.389582289097286,0.18402291345434,34530000,0.005,-1324.35578772715,0.000292521458177434
"153",8.7464896915407,51.3491352938268,36.0254224810261,1.03610106090527,4.49338107014772,0.44247414447299,0.913272979061717,0.566593834226482,0.347396155494303,0.0418345757709769,34530000,0.005,-1276.95755141616,0.00188257467593678
"154",15.5306588943977,42.4999232889846,36.0515658633035,0.295365392355914,4.8382188835592,0.434833647914463,1.19971457037184,0.947813863717011,0.389678638771627,0.194119639420039,34530000,0.005,-1324.49567844505,0.00038688170064141
"155",9.24374388226442,54.738610900313,37.7256552236866,1.02404776334725,4.57458411199044,0.442166949576458,0.862870846330525,0.598934797743034,0.348792632607287,0.0415182052271467,34530000,0.005,-1276.95341691623,0.00267853973274366
"156",8.88844971392704,51.64879902869,37.2864424427258,1.02477289766491,4.58155847689121,0.442035198993848,0.90337709676756,0.578993460145846,0.348512160525267,0.0421106208194504,34530000,0.005,-1276.94878732206,0.00257313455385239
"157",9.79952381779906,75.1953954919693,63.8445957616347,0.947405367846265,4.64591729183723,0.44779488831052,0.702191056997976,0.92864719422239,0.353408305747753,0.0763063714021248,34530000,0.005,-1279.36207183732,0.00265037171138808
"158",16.1556964996462,44.859858633633,37.7972111170313,0.292812427104445,4.93901450663427,0.429752884967948,1.10807484498878,0.991913679412505,0.390959693625839,0.233482917540867,34530000,0.005,-1324.804902031,0.000463364094909462
"159",9.30535462410773,56.8136687743746,39.3632805679388,1.02569678625188,4.54422900662016,0.439595289415605,0.833118148874489,0.60416654814616,0.348239930619671,0.0421047776477071,34530000,0.005,-1276.96033837646,0.000949698325000328
"160",15.3227207654949,42.5526828650548,34.5928564764324,0.290828883088093,4.82107625415294,0.432700217097774,1.1974374274535,0.933280689524643,0.391270156289172,0.270399716753377,34530000,0.005,-1325.00045252617,0.000278557815783687
"161",9.3275828635285,55.5293789403795,39.239722528668,1.03485034054974,4.61076056290353,0.437590779390081,0.836724618264607,0.607096595459344,0.349561810486273,0.0420803024509592,34530000,0.005,-1276.95508371283,0.00248091463444314
"162",15.1305536596161,42.3353000316697,34.8128007248808,0.291880584735614,4.95562473679779,0.422673827204117,1.21234212615042,0.93139904601832,0.39142971644887,0.230914924096874,34530000,0.005,-1324.77737715029,0.000472527266464041
"163",9.01381299315701,55.3136610204281,37.9814546526879,1.01727771809714,4.58552250654378,0.443788131228205,0.857222323572007,0.588375404127861,0.349598783966302,0.0427398844139447,34530000,0.005,-1276.96031025206,0.00198899621862002
"164",7.22017975330605,46.9209286567167,34.5239973332079,1.01950975683985,4.48858153785361,0.444856221588632,1.13007627468985,0.534757631141309,0.343974567649063,0.053469542784789,34530000,0.005,-1277.3147399408,0.00236253363732651
"165",15.3175454631471,42.682048351117,35.4569805689887,0.288391306628878,4.98100066815142,0.432826344890878,1.18447068419175,0.943551279018588,0.392045541453556,0.280274480400775,34530000,0.005,-1324.99485261009,0.000266765447052527
"166",14.308694204905,39.9902493553218,33.2026918863188,0.291413286153146,4.91989872525724,0.427982722230327,1.34109416694586,0.878874119446995,0.389298611130794,0.169893313299832,34530000,0.005,-1324.14345337553,0.000350182845057954
"167",15.0475665347666,42.686243669081,35.3588162485209,0.294482662647838,4.96068312162605,0.426899690463531,1.21881423640836,0.916645723880279,0.389323818115315,0.181868171833864,34530000,0.005,-1324.34109955325,0.000191966039315213
"168",14.9665999110837,41.9497285707726,34.8791622536515,0.292404480070826,4.96474616708859,0.423379474839699,1.22838115403482,0.916523498454775,0.389460068775067,0.190707755633064,34530000,0.005,-1324.43693806791,0.000406910820062237
"169",7.91542721394922,50.0657048852345,36.6152574710984,1.01872741469338,4.6065832238535,0.442014929449021,1.00301966223452,0.581504058002658,0.347194257869984,0.0521415998543381,34530000,0.005,-1277.19438116227,0.00260332559901777
"170",16.579996286743,46.590566950072,38.5801982190563,0.294604076429112,4.91932404666198,0.425840892812064,1.07421258118657,1.02869936626125,0.392260330160242,0.2789048354366,34530000,0.005,-1325.04591776358,0.000142071087214025
"171",7.38527708084001,58.1116032242534,51.0988728339465,0.964917416888037,4.5597224539667,0.448691213461976,0.899440803491982,0.665773860223902,0.346591118446621,0.0744158917799125,34530000,0.005,-1279.01002426378,0.00299702586416003
"172",8.7661522382168,51.9623242630827,36.7461829662378,1.01763074259903,4.52197528220665,0.443202274967048,0.919257693376202,0.583323540044826,0.348767637257485,0.0432678196840886,34530000,0.005,-1276.95837778538,0.00228228919674417
"173",8.77287441163102,52.0549742737739,37.7846682677914,1.03700997657899,4.52038524699474,0.442251836565795,0.907068045456426,0.587011614046233,0.349054728972475,0.0439726156412942,34530000,0.005,-1276.96432984625,0.00105066777747096
"174",8.86989098110883,53.2556723496314,37.9924226723977,1.04181432364408,4.46483692123417,0.443958257205255,0.903894266743377,0.590423919663454,0.347563516638719,0.0433859949115852,34530000,0.005,-1276.97056138668,0.00214200726404027
"175",15.7324220036289,44.3187169754233,37.3063714211142,0.284715220533297,4.89228113156095,0.423448708664414,1.12845404574202,0.978725125497494,0.39441579027021,0.32715393837362,34530000,0.005,-1325.17304554736,0.000386436261100329
"176",8.99698866802201,54.5741727113561,38.5571940262039,1.03984430710352,4.53200000364728,0.444669753532656,0.860169794140009,0.587927453073365,0.348185486079823,0.0425632696867264,34530000,0.005,-1276.96218868559,0.000808052528552105
"177",9.76761701896948,61.0197704238719,45.0613161859544,1.01426981977088,4.6541860313261,0.441094326457705,0.777376752490416,0.703440407356061,0.352689274660038,0.049357238671581,34530000,0.005,-1277.11786214553,0.00164037304672865
"178",14.8336119043786,41.2539838468078,34.7437982670581,0.293559179958525,4.92500470003725,0.427775412493073,1.23507866114783,0.912852581301055,0.392400500730522,0.254947244561453,34530000,0.005,-1324.92872884047,0.000548004868035891
"179",15.8333588558525,44.1243851625364,36.4363677659023,0.295840913564045,4.93698497043298,0.432108546084015,1.18010809388501,0.972736047381729,0.390494937194915,0.145622066145368,34530000,0.005,-1323.5924184331,0.000365959543275036
"180",9.06981861068265,53.930512618109,36.6894505425643,1.0403622966445,4.52681498715734,0.445256128680596,0.878799103134864,0.583806270017551,0.349606185197388,0.0411900678283208,34530000,0.005,-1276.96842211583,0.00252518667881554
"181",15.8771814278886,44.0701876206037,36.8722997165842,0.288062980832174,4.9141223469573,0.428370846719026,1.13365740011191,0.975114543829755,0.393211580288725,0.288727349842116,34530000,0.005,-1325.0446493589,0.000153646855394086
"182",8.18117716634584,49.3632605172267,36.5377497953338,1.03425249863308,4.53807457530866,0.443399809213218,0.996102105924954,0.572003281926775,0.347293330114724,0.0473037331157285,34530000,0.005,-1277.02553409223,0.00173488026553958
"183",15.2175538785782,43.5487835444851,35.9423771404026,0.294279852682895,4.89682619276591,0.426520847784942,1.15155558101359,0.946082227605125,0.391016581539433,0.381325992015739,34530000,0.005,-1325.39036441049,0.000400925798123872
"184",8.94192328701123,52.7044092109829,36.490807921423,1.03471970126549,4.53164742905039,0.437861215874209,0.885541854553332,0.579117335916736,0.349287645006085,0.0415977983742216,34530000,0.005,-1276.95608239265,0.00241817306862023
"185",8.85105542905223,52.4626028850671,36.3679605001403,1.05299683740175,4.53883097193856,0.449136515596921,0.882223068987261,0.571359091186578,0.34835588157689,0.0417537666726534,34530000,0.005,-1276.96857681732,0.00247306135290462
"186",15.0019795105578,42.178109789909,34.6801957455426,0.294168652105019,4.99250668954027,0.428278919010683,1.22956679334716,0.914870700302561,0.389081373945551,0.215014098975232,34530000,0.005,-1324.67842066489,0.000408960793029086
"187",15.8944195012077,45.1860778301811,36.9054414403275,0.286573103484894,4.98951522927685,0.43118607600611,1.10086657750357,0.98262203563069,0.394798163511971,0.348812116309778,34530000,0.005,-1325.24045095583,0.000312582203188327
"188",15.9104727066192,43.8824090353635,36.7030326454787,0.296382036800259,4.92570661375629,0.429100211297104,1.17268614190448,0.965334146152647,0.3894845190525,0.166960926331141,34530000,0.005,-1324.10487565905,0.000416528926818082
"189",8.10847285309282,47.5907490682427,34.6572007200488,1.02700557423811,4.50673196652479,0.443932785324511,1.03392686699483,0.558330955427016,0.347086058390072,0.045989571153489,34530000,0.005,-1277.0011472267,0.0016662520473358
"190",16.2049326360962,44.810520800066,37.5979871193953,0.288095511491838,5.01616397942615,0.430596484483641,1.12774140693611,0.995581955270922,0.395424763825387,0.24380381489108,34530000,0.005,-1324.85927955641,0.000313429322037452
"191",15.3649938242112,43.2539503582602,35.9618770298979,0.289932861467211,4.8959588019141,0.423623543541517,1.16475142064419,0.950164595754013,0.392575974988339,0.312517634986269,34530000,0.005,-1325.13707059721,0.000274565720423753
"192",15.8630288834257,44.9255811061285,37.3803163976496,0.295191356198676,5.10626446289885,0.431432246214603,1.1061465818822,0.988792099612016,0.394004629446734,0.360182350478822,34530000,0.005,-1325.30668715314,0.000355916964621893
"193",6.70328088803429,47.2566914309703,37.4701834641871,0.981445566332793,4.47580803727667,0.447761110077886,1.18375861888022,0.574493444332946,0.345425523752508,0.0668689716238995,34530000,0.005,-1278.23474867324,0.00186514097574312
"194",8.87843704806605,51.7249993922338,36.0611602867433,1.03323613310672,4.57055977180243,0.444051950458491,0.90583382715271,0.569618288539566,0.348404863545815,0.0409213121215047,34530000,0.005,-1276.95265855527,0.00181862692678262
"195",8.82688500258443,53.3905486396626,38.0643056506573,1.04211432834097,4.53026178115778,0.445526272801823,0.891502973172662,0.577579829162164,0.347032154421906,0.0428267328466974,34530000,0.005,-1276.96625042972,0.00211100402566355
"196",9.3752713875251,57.3796293978306,40.7110143333378,1.03016139217988,4.62222160829833,0.440324947790946,0.823703438616248,0.620299983564553,0.350705688956581,0.0432993529145971,34530000,0.005,-1276.97037754442,0.00137901416586564
"197",15.5385477471631,44.3621912362534,36.4056933114199,0.29065915876959,4.92287988187493,0.433962179434306,1.14382315927937,0.968074228559282,0.393417110218141,0.318142891175532,34530000,0.005,-1325.1546279521,0.00041227713039315
"198",14.6090057644196,41.0301075981949,33.5232460910169,0.296002188176761,4.89826399130316,0.429241042910968,1.29332616792925,0.89078611698468,0.38903994764547,0.16386128782784,34530000,0.005,-1324.04384037233,0.000381083432399653
"199",8.77967046379101,52.4757107824179,37.0715372297951,1.03763321638182,4.50865697572678,0.441619395010869,0.913632921619137,0.579499499277396,0.347401114464499,0.0428003580058804,34530000,0.005,-1276.95918833537,0.00237671028698823
"200",14.8265985391224,41.9441120147619,34.11418862791,0.294647909916609,5.00069778194467,0.424106599265191,1.25533550057882,0.912046187571281,0.388948503949046,0.187340064174326,34530000,0.005,-1324.40337001502,0.000405543354739551
"201",8.90987396010468,53.5685396656009,39.2464129438155,1.03010909982735,4.59882589960508,0.443845718227275,0.87881384887439,0.607217033040424,0.349627041123859,0.0452574300514383,34530000,0.005,-1276.97195421013,0.000940429206371991
"202",8.72933769142306,52.2030297518803,37.9944684718025,1.03382739474699,4.53633609575913,0.438127152186164,0.913063258577673,0.590412584204463,0.348552449059263,0.0447296901822609,34530000,0.005,-1276.96843538636,0.00173625267401587
"203",8.66073443808308,54.0484253053538,39.5791540542624,1.0196412764167,4.48692207714253,0.438736794450845,0.888045706220324,0.594305107652687,0.347821378685369,0.0466395670392669,34530000,0.005,-1277.02368796112,0.00311575480007186
"204",7.05032441376908,52.0730091765606,45.757210685088,0.912447417150821,4.6109897461978,0.431311343183766,1.0740864278031,0.767345971701289,0.369395712430761,0.0902305994285319,34530000,0.005,-1281.1230417111,0.00185614173615841
"205",14.6928101891008,40.3066119523846,34.2957366871224,0.302816292739783,5.0330188054609,0.426186745233953,1.3444512366858,0.919087789760761,0.391864149084867,0.128590308184785,34530000,0.005,-1322.97791821185,0.000505005284040471
"206",15.220857259308,42.4053447347798,35.4886346165902,0.291744373140133,4.89339950496536,0.431707738952384,1.20508400127681,0.932306111790066,0.391083688380898,0.241691236484478,34530000,0.005,-1324.84765225123,0.000311768083564707
"207",7.66593729227396,45.2015862957935,32.248566064233,1.0301114411489,4.5750911384231,0.437301286695505,1.11834722280556,0.525531033735104,0.346834517095279,0.0458517310647313,34530000,0.005,-1277.03584036944,0.0028823634064664
"208",9.13049239618165,56.6443351582423,38.3678447544391,1.03188933182692,4.55750700030475,0.444639075335355,0.857927294338552,0.592468484292632,0.348369626344225,0.041342523614143,34530000,0.005,-1276.98667857612,0.0029237086619072
"209",8.9197067734964,52.4977979985641,37.2688745962734,1.04468081972478,4.53416774901595,0.440250353365605,0.896354156261388,0.58965601003775,0.349142617634991,0.0426641521295088,34530000,0.005,-1276.96355599068,0.00233697681615256
"210",14.7767690259848,41.3722527709929,33.8559283341987,0.297105561201037,4.91557112683089,0.423126317815549,1.26898184824665,0.91121555639825,0.391037442914543,0.219275427134714,34530000,0.005,-1324.73773732655,0.000520269557048742
"211",14.8743155999307,41.6361688212514,34.5854022764525,0.294412476480634,4.86533428569066,0.433599085918629,1.26339612011747,0.917518231828837,0.388696949322927,0.165482855866661,34530000,0.005,-1324.06781369586,0.000472204109552785
"212",9.7830786424584,71.2579931929624,64.4246891802343,0.918561333262939,4.84970024692774,0.444192186983445,0.73392779533233,0.992623469280296,0.364152639902839,0.0812916114780147,34530000,0.005,-1280.01326389306,0.00201138753229904
"213",15.1699684893415,43.1764469642034,35.4908725490985,0.291978045095185,5.01260321909398,0.433265119154492,1.17567206725902,0.934409701642278,0.393357857324622,0.308352636026375,34530000,0.005,-1325.13163912052,0.000383290271932727
"214",15.1764379166388,42.4019986501096,36.0030965404009,0.298048113493306,5.06266491447251,0.426099270398521,1.26754737046094,0.95746437620459,0.396816860467937,0.128778589189685,34530000,0.005,-1323.005090392,0.000515880412168587
"215",15.3165763420917,44.2282172354504,36.2810758062922,0.286098110201506,4.90789577758346,0.426885776856756,1.14689857484339,0.941033555923995,0.393307781404199,0.298528132693756,34530000,0.005,-1325.10512779429,0.000334005468564434
"216",8.76219672246262,52.609811375438,37.9052744154433,1.02517469723662,4.63206803798222,0.444105530158519,0.912238998115507,0.589751156172959,0.350289577277331,0.0439783185876338,34530000,0.005,-1276.96252803899,0.00280984727995808
"217",8.63411891038474,49.9274642097098,34.7562760089217,1.05038015191659,4.47372750180853,0.446523783428921,0.943699624757511,0.550225466699061,0.346786255620654,0.0403231607026021,34530000,0.005,-1276.98226003325,0.00232759703922304
"218",14.7470628358482,41.0326337722121,33.8042080672713,0.294620985765114,5.00570236463024,0.429855566219124,1.27161638065666,0.89397779873035,0.390911384150412,0.167552050065156,34530000,0.005,-1324.09914319421,0.000558345820508205
"219",9.07598939408335,53.8159386038256,38.194655828228,1.02577321328179,4.61222959277387,0.446293608436421,0.867793609811829,0.594746458235885,0.350057511279477,0.0423160397711013,34530000,0.005,-1276.94155912855,0.00185229941827629
"220",15.6492847111809,44.0762678728855,35.6762001260621,0.29074782683334,4.85673998809332,0.432111359941464,1.12282473802889,0.965394398463849,0.387398264146238,0.323821309077638,34530000,0.005,-1325.1891987722,0.000361718705889853
"221",15.4704664546203,43.7121542011097,35.4747350554726,0.28792084475086,4.90509466858972,0.43131155123614,1.16099455049137,0.958256084417522,0.394290520079343,0.337443773639851,34530000,0.005,-1325.20615963024,0.000208586219831295
"222",16.739081356939,47.3488334800546,39.5283808166684,0.306906598448578,4.97505648014649,0.434562692189424,1.10852966185688,1.03732926023026,0.390441381690895,0.125702941460529,34530000,0.005,-1322.92957719994,0.000572705044978181
"223",15.4587716888158,42.6571513740423,35.6536566760078,0.302780586351705,5.0423679118623,0.425536380151416,1.22215699422526,0.9493257444847,0.397808410755345,0.141281355285068,34530000,0.005,-1323.51600122595,0.000283913780736104
"224",15.4002920081125,44.3208316551975,36.7042767404231,0.290303184683612,5.01085078794978,0.42998575585536,1.14875310257289,0.95405764223868,0.394785516595251,0.328831123388647,34530000,0.005,-1325.20399294936,0.000219202449539067
"225",15.5015618810999,44.0484225183079,35.9636292155805,0.287295400790638,4.90618387472663,0.42853600139414,1.14352648677038,0.957528121084152,0.392657141849047,0.288246680429752,34530000,0.005,-1325.0413900679,0.000246422246430877
"226",15.8616038421243,45.0272274259465,37.6972647824468,0.290973951666233,4.9021542241437,0.430440867814912,1.13125335835808,0.968169454764036,0.389136061214564,0.182327037460511,34530000,0.005,-1324.34990963486,0.000303914439584045
"227",15.4665261560292,43.3516282266114,35.5498777562519,0.299087646046092,4.89200331186429,0.428566668548196,1.19459827721295,0.945297851972102,0.388167529944611,0.16671670647197,34530000,0.005,-1324.1108480498,0.000238718862073643
"228",6.9304753662554,56.3202823104561,41.3657336370437,0.996103251440116,4.50187157661658,0.442462342436994,1.00427666646913,0.56764071482009,0.343543608797859,0.0656657188455954,34530000,0.005,-1278.22724942752,0.00149280094318139
"229",14.5722241567863,40.2843960054894,34.4772419841697,0.317436230255118,4.87803722942246,0.413558939129945,1.39427220951436,0.950157114863923,0.395073291826624,0.101318503377009,34530000,0.005,-1321.2677896887,0.000622519961870491
"230",9.00002926325918,53.1978817511368,37.3576100321618,1.03726320474079,4.5757853384205,0.437766384628803,0.900620706936864,0.592410986354798,0.34853862207533,0.0420285046183298,34530000,0.005,-1276.96017921505,0.00210721946968879
"231",15.7173698183053,44.9181521951299,37.1363112121312,0.286355092892804,4.96258252161587,0.42592281778742,1.11838827597368,0.976656762963782,0.394817306695414,0.360729904858643,34530000,0.005,-1325.27938538494,0.000352122086972135
"232",15.6569103557616,43.4948343148838,36.3815200315309,0.293592659792607,4.99961791951701,0.426401473341574,1.16870764562976,0.968599447816273,0.394305658227038,0.263964007573931,34530000,0.005,-1324.95917466188,0.000398377715923447
"233",15.1852856609848,43.2507163535905,35.3247587690863,0.291702724375621,4.98950457442383,0.431178757974996,1.1842314984236,0.937162965769739,0.390643930966427,0.267378043295991,34530000,0.005,-1324.96466171683,0.000255706074598941
"234",0.914596736709474,5103.50620503756,10.8611582744542,1.51603789514947,2.68522292263366,0.453641688507471,2.0241037649719,0.0109595721630811,0.567216836990324,0.345152771206706,34530000,0.005,-1274.81240368845,0.0065270677440586
"235",8.18122455935448,48.0761426597434,35.3669461385277,1.02957697727664,4.57667848963463,0.444817194218129,1.00450279668227,0.561830705088034,0.34934944506084,0.0458871637405418,34530000,0.005,-1276.9879439874,0.00219474086008944
"236",8.55899956407623,51.7224731370554,36.1729204334997,1.03066285583889,4.59628356569493,0.43897658342675,0.934358461250934,0.572884107150169,0.348049505927039,0.0440498481610314,34530000,0.005,-1276.95920730303,0.00130408859967588
"237",8.7985377886998,54.2912877327921,37.9059091835678,1.03839019206753,4.52429300742025,0.441667753706997,0.880989124183757,0.579109623242474,0.34714193645988,0.0432328661287307,34530000,0.005,-1276.97287176525,0.00235354303076702
"238",15.7112994936313,44.927015800033,36.7110612885215,0.309006972240142,4.899195237028,0.424322556083561,1.17627134103177,0.952871239597351,0.384371560504024,0.117688388750609,34530000,0.005,-1322.5394977259,0.000667702063156474
"239",7.03940183388578,58.6839358192591,48.7683848820727,0.977087669009586,4.3949319588271,0.449620789387137,0.927906114730737,0.649513671368464,0.340362266477624,0.0781640082561251,34530000,0.005,-1279.39068047564,0.00209596028967614
"240",15.679532172606,44.9283012511549,37.62205826562,0.289024368416001,5.02503247453442,0.429693011951224,1.12554911061255,0.96796001463102,0.392999719626154,0.287233192917929,34530000,0.005,-1325.0510866861,0.000281796800149931
"241",8.92315517092468,53.9260753177075,37.7374626000556,1.03478070119883,4.55817210815723,0.441055164632162,0.879254478517648,0.585697293444372,0.34955855492419,0.0428424724026013,34530000,0.005,-1276.96137172067,0.00248474655170554
"242",14.9039076264328,42.5987003571576,35.0438952268642,0.296937223193264,4.96205085201722,0.428916390892929,1.22183670736733,0.902030547813847,0.385304650560141,0.165565266853279,34530000,0.005,-1324.09991228659,0.000208435369320432
"243",8.92894545609227,53.3734782520171,37.2832213129313,1.03163458888025,4.49162669634867,0.440643994744743,0.886857726992048,0.591213548266553,0.347764578044511,0.0432690309427195,34530000,0.005,-1276.95414965202,0.00183134375252788
"244",8.89217431358093,52.4974953420417,37.0488771468442,1.03812002161758,4.53973295605231,0.44030307532567,0.889997897236162,0.571920137423701,0.349151143303081,0.0412275714164911,34530000,0.005,-1276.95826889684,0.00157155552468518
"245",15.4520352724441,43.2260417175242,35.7525721494053,0.286789727182045,4.8790271892591,0.425871396049493,1.16702577779948,0.953210395384682,0.394067510655882,0.302325222909647,34530000,0.005,-1325.09258104678,0.000347468703897808
"246",15.7350828945594,44.3351645542835,36.5490730248833,0.290572024128091,4.91661718812653,0.427562142578342,1.15228042265178,0.970648003646729,0.390251822250433,0.224745520705881,34530000,0.005,-1324.73598971718,0.000304873718421179
"247",16.2769376834828,46.4458594457962,37.9104738856799,0.28892358884544,4.96656307778384,0.425125368132311,1.0787519424777,1.00647546580543,0.389023855085905,0.312487159942049,34530000,0.005,-1325.13767986095,0.000416517253574552
"248",8.62878924272453,51.0030670151625,36.4154950502089,1.03514946851474,4.55559685775428,0.442866053428965,0.931259672056828,0.577772941625506,0.347801305128323,0.0438758581784186,34530000,0.005,-1276.95229219553,0.00161683143617387
"249",15.0609520701123,41.4059679045683,34.4456536026203,0.294485926237498,4.89430470665423,0.434499242969256,1.26105440355415,0.930002059314334,0.390906676980881,0.184927235259145,34530000,0.005,-1324.36704336211,0.000363230986074286
"250",8.75472910644586,52.2316609885109,36.604082898362,1.04074584491393,4.5274210845132,0.437388145342525,0.907555888266823,0.579820701914978,0.347559061662782,0.043321040005887,34530000,0.005,-1276.95755863185,0.00214441512432412
"251",9.26721767565836,56.0903857464193,39.2256904135137,1.02774035260674,4.59256446485909,0.435316259442847,0.842714318884124,0.607367448696134,0.350873631868359,0.042160306681335,34530000,0.005,-1276.96835712858,0.00145122091467999
"252",15.5248582677712,43.4035691185974,36.2799269126239,0.292289398926071,5.03684609259204,0.431106110426417,1.18847775015418,0.944547905243778,0.391864639386352,0.172189567431349,34530000,0.005,-1324.1756180459,0.000325900947744914
"253",16.477633746786,45.9201380633309,38.8796233216821,0.302954879159838,4.93174184489667,0.422692354156673,1.15435265358173,1.05346668625559,0.394708869180318,0.106623207846866,34530000,0.005,-1321.75192401666,0.000919077624409506
"254",16.5553493567414,47.0700751776448,38.5628789064312,0.286745861954768,4.9146030120267,0.427259365480317,1.06706725416553,1.02436440169684,0.394601805229884,0.298073786306706,34530000,0.005,-1325.09765496747,0.000251317708374031
"255",15.4925950325287,43.3583237663285,35.5079723776327,0.291842656221906,4.96662344256404,0.426269097512827,1.17247459709959,0.941007172991298,0.390579803286416,0.191343815384938,34530000,0.005,-1324.44429748623,0.000411040660083313
"256",15.3774646909188,43.7209238281198,36.384243585674,0.2885998666387,4.87814756151227,0.427915247416373,1.17999125005621,0.941694055440896,0.390217590236063,0.207344061902919,34530000,0.005,-1324.61634939548,0.000309585559582874
"257",8.4952088351058,52.3661105141976,36.2871934988567,1.03730346546057,4.54152757747323,0.439540516354467,0.934481296006016,0.554098229621834,0.348150817912757,0.0425606239017443,34530000,0.005,-1276.98118991025,0.00170404267055123
"258",16.3008871894583,46.4321405802068,38.2948543528952,0.289649548208354,5.00286891730813,0.433851859050151,1.07258651137446,1.01204982277026,0.391957821976052,0.322776843367068,34530000,0.005,-1325.16363581606,0.000170039883547899
"259",15.2899871512606,42.6623347541687,35.1849867525601,0.289852074006635,4.88517422901154,0.430370638439338,1.18417841603388,0.944885019677057,0.393109646911806,0.332250523490278,34530000,0.005,-1325.19592563249,0.000230861538841135
"260",15.4879108462548,41.8567297860157,36.2111393493737,0.310156169580536,4.93420044780153,0.422888047230247,1.30570293262186,0.99458773663641,0.388118053087949,0.106815057039872,34530000,0.005,-1321.72144267462,0.000833315532774334
"261",8.73084430503769,53.9508907897715,37.5368105594179,1.03531021892944,4.56663903899144,0.444453482811673,0.897310478537286,0.58976413260205,0.347635363984814,0.0447392491535688,34530000,0.005,-1276.97457619284,0.00268994995915086
"262",6.24257194582766,49.8926156274022,43.6263432093127,0.834911048031135,4.70132903603902,0.445750578675127,1.11372153933172,0.681900556511212,0.374762460358928,0.0942188272949057,34530000,0.005,-1281.51218506455,0.00181606193059538
"263",8.66287395922768,51.5016597305857,36.4278530500028,1.03839981362313,4.49366722478292,0.44545601125766,0.924643443435361,0.577844330032103,0.348805791146979,0.0436118461050231,34530000,0.005,-1276.97073510064,0.00301064262441216
"264",8.53326711562907,52.8240526134394,40.5251605740363,1.01870927632841,4.53503176809816,0.439851224851604,0.928087930321686,0.61970025483162,0.348813932073494,0.0505770942299174,34530000,0.005,-1277.15296118326,0.00150482544196319
"265",15.0416209646027,42.8648620911688,35.6891043903266,0.2876557325234,4.87912849430921,0.424926698987656,1.19684493235399,0.929656156436098,0.391142076087353,0.33152582776165,34530000,0.005,-1325.21235805926,0.000327946382455777
"266",8.74868952442558,51.2367828707889,38.2022170448875,1.03700118207015,4.59562698348052,0.43792513363031,0.914758771574067,0.593090078865876,0.349534172355834,0.0446591962206901,34530000,0.005,-1276.96271676286,0.00165792719108301
"267",15.2789232333666,42.083307396538,35.1109175153255,0.290757996852729,4.85869917941123,0.428042274725098,1.19148786398473,0.934944559419607,0.394502780328846,0.279235794063653,34530000,0.005,-1325.03356655768,0.00038639929982019
"268",8.31714056775161,52.9649575773761,39.1601911777812,1.02925069175283,4.62767980432739,0.438816781136242,0.931337255828495,0.606009808966349,0.348265408688311,0.0511586636325358,34530000,0.005,-1277.15739611028,0.00170206262178805
"269",15.2460409477771,41.8819384065718,35.239091385596,0.301852590873783,4.89830559120084,0.429898026892828,1.2963135715974,0.939964494856124,0.388489218325364,0.121645549954335,34530000,0.005,-1322.65473006882,0.000444729573659281
"270",17.15729015057,48.7322856141471,40.3506216794097,0.295267907837479,4.98082040635407,0.427369594027119,1.05170378617791,1.0558624218401,0.394103542921755,0.163679974277733,34530000,0.005,-1324.10787254182,0.000407626172528883
"271",15.0009642515471,41.788513022716,34.016259810021,0.289979887808465,4.96388411961862,0.425874551829977,1.2262466036706,0.916718295264563,0.393219532073494,0.261919699991637,34530000,0.005,-1324.9451161813,0.000488539754048004
"272",8.73121050320837,49.1985448178279,35.0373871527644,1.02791606032101,4.55528880209183,0.438983675702043,0.937846557942873,0.573223535757006,0.350085794438107,0.0423664506873393,34530000,0.005,-1276.95085272757,0.00151780079350867
"273",7.99515014422754,46.9486751892702,33.6727166849846,1.05054556820468,4.57661034461223,0.442211894338133,1.06143807938252,0.536034144308146,0.346902645917493,0.0442195764469977,34530000,0.005,-1277.00303257586,0.00196194550768738
"274",15.3909538051245,43.8433279464484,35.4944342987346,0.289519146143023,4.86914537488291,0.436044145640221,1.1676019824194,0.958968571236215,0.390210538558109,0.370146732607475,34530000,0.005,-1325.31638100012,0.000420620840848369
"275",14.8242384989674,41.0037619038147,34.0601002117116,0.293307079327187,4.91699506382561,0.428409688747922,1.29159852399964,0.909304988073463,0.39035239036012,0.179339150785736,34530000,0.005,-1324.29087646418,0.000354916492180729
"276",15.402760681436,42.6039408941539,35.8945877900026,0.295094491544236,4.88599065155713,0.430590068448493,1.21114684330758,0.945757811776215,0.391182215487286,0.206912179193408,34530000,0.005,-1324.62038680069,0.000391215343312748
"277",14.5449243072826,39.7413942056718,33.3207306992468,0.295199703210054,5.01543111464192,0.427149382682355,1.34837422578171,0.895879074522546,0.388400221906068,0.161199725586916,34530000,0.005,-1323.96733038188,0.000387875877853672
"278",8.93025434934983,51.8790136743741,37.5613019949268,1.05043635192724,4.54650690009235,0.44286209203336,0.890103645348212,0.592609905967076,0.348438322856845,0.0429786128416893,34530000,0.005,-1276.9588339509,0.00176154377781527
"279",8.48439019251542,51.8818347504941,36.2019847463908,1.03546044834873,4.55302943633852,0.442618814990188,0.940272937751005,0.575900857464087,0.351161731925546,0.0452204687992326,34530000,0.005,-1277.0006885208,0.00138373456974657
"280",9.18816685855549,54.2132582298487,38.5279032115468,1.02699477449499,4.66651300433953,0.432357842688041,0.856656581722152,0.610024548097028,0.351563178707351,0.0429750259502127,34530000,0.005,-1276.95838488386,0.0024126766865326
"281",8.04064802991067,50.1424541065538,35.3880962509255,1.03685079855856,4.53038317989021,0.449653620155453,1.009983094065,0.555022865101443,0.345021899259724,0.0467774989387189,34530000,0.005,-1277.03213163497,0.00211551376010331
"282",8.53888295196968,51.8367136690023,37.3731969384891,1.03915103403044,4.54533069956164,0.440406999320116,0.919712638682529,0.570217660557021,0.346868683082597,0.04453385064587,34530000,0.005,-1276.97873212611,0.00185494253970888
"283",8.91496183582345,53.8871856870803,39.0764237027551,1.02887363888466,4.49887506171186,0.439132709000066,0.878622617716337,0.595915947939389,0.348049727482498,0.0442107232100135,34530000,0.005,-1276.96864885387,0.00228351603105416
"284",6.51402737678152,44.9452621860836,39.2874430155796,0.944480047122387,4.70417421483354,0.438713685673188,1.27279732847891,0.646719354572086,0.363393894869988,0.0800136473126545,34530000,0.005,-1279.71402340242,0.00284938348183119
"285",15.4286185032124,43.7083565229358,35.0718970056679,0.291774450558687,5.00356703391018,0.422550350899974,1.17251502698799,0.95113092356018,0.391406378398703,0.335272240096278,34530000,0.005,-1325.22502682074,0.000355288815623881
"286",7.71335772246426,46.178409223294,33.5701931011846,1.02965670076664,4.5319029578723,0.439276440096595,1.09363080131664,0.537405281481807,0.346044100983134,0.047448967338381,34530000,0.005,-1277.05790748162,0.0020160206664746
"287",15.6646605084141,44.7191069545002,37.0361230856315,0.287610359160444,4.98269072305057,0.43250549843999,1.13262306174165,0.973181583238751,0.395283781670671,0.353992563830203,34530000,0.005,-1325.26228203729,0.000272975763229149
"288",15.8336886729154,44.7369494069971,36.2849431000851,0.291528304561298,4.98449664370516,0.427653537967221,1.12792064585265,0.974655269296549,0.39198468427064,0.317073698856489,34530000,0.005,-1325.15260208182,0.000255771944357
"289",8.93285871855997,52.4503910162322,36.8534112037835,1.02774567605783,4.50537162029201,0.441381237880379,0.902171955537672,0.593658351940066,0.349605830292867,0.0431102720017563,34530000,0.005,-1276.95726675311,0.00177071289176608
"290",15.9094616381333,45.1945802271666,37.2732579143629,0.28797666143142,4.97831669400189,0.430075602870847,1.11219389850032,0.991170518685979,0.392475601066975,0.362400864522086,34530000,0.005,-1325.27239119276,0.000333496176810666
"291",6.05389439287562,48.1106230174976,43.3061757922305,0.899643773319617,4.6142121680509,0.44252876859505,1.12362467322525,0.604320687319857,0.361129113642227,0.0864248730165111,34530000,0.005,-1280.29733870429,0.00200725479090563
"292",15.1020751260393,42.718661999109,34.9257297244405,0.289742717962266,4.86445985327851,0.434740997262415,1.19063480187603,0.928422883815678,0.386251198850288,0.257689511136459,34530000,0.005,-1324.93304346284,0.000386745898252867
"293",6.15533234674803,47.4343753592597,39.1974552011645,0.956828288075962,4.51949132707913,0.448027143344798,1.210414103578,0.589876552973072,0.34731119208009,0.0804863853512468,34530000,0.005,-1279.50173961171,0.00191050117683932
"294",15.7199098957743,44.1736222858437,36.7166350526861,0.294529535720882,4.8795646435344,0.430492728451896,1.15853506662366,0.964900986010994,0.387904893620752,0.1863649778761,34530000,0.005,-1324.4010771351,0.000298701065410294
"295",8.72026490578844,51.3142862767125,36.3727845547415,1.05294922067906,4.5577952539763,0.444339037958616,0.923903552672387,0.587113297556877,0.346288319431227,0.0442123401305184,34530000,0.005,-1276.95978791422,0.00212564403438263
"296",9.54967925206604,58.1090467556457,40.8123159146628,1.02181383989474,4.59896889850594,0.440684243304399,0.799981203022688,0.625459166974394,0.349234364306608,0.0423926240819897,34530000,0.005,-1276.96619102721,0.00167609658533308
"297",13.723193828739,37.2325716122651,31.0744956885504,0.321608524656505,4.94409087665155,0.42238299289522,1.56337116231441,0.878300999477506,0.391893086576745,0.0997222928256778,34530000,0.005,-1321.10304135796,0.000997273503619753
"298",15.1096516313716,42.109534259814,35.7969365448734,0.294532766009075,4.96592902405165,0.430781336511592,1.22611480478787,0.920185971879985,0.388124269459103,0.175578106250358,34530000,0.005,-1324.23926151824,0.00033593159303413
"299",15.309251724947,42.6439544615586,35.2608884074925,0.290433300473402,4.96446942326763,0.426519311427299,1.21490693795467,0.938478559450979,0.390471476299681,0.218358489530152,34530000,0.005,-1324.68636344341,0.00040684157982819
"300",15.7668198271894,44.1680222349334,36.3162272668971,0.294481984291919,5.01916953087103,0.426166261791195,1.15335046816034,0.964982984873932,0.388679985052713,0.214425559954012,34530000,0.005,-1324.6684896281,0.000321990729628418
"301",16.060048419571,45.2809498281051,37.4672462353326,0.291789924841184,4.96331128344244,0.431034256161974,1.10398978186929,0.996581477679739,0.390693090990704,0.300575092749861,34530000,0.005,-1325.09035042951,0.000494744203536249
"302",5.95571128833303,42.9729762850316,33.6198007874435,1.00666608491646,4.43014818905026,0.451273919159248,1.45123610347805,0.524424786225852,0.345245367120929,0.0703870405762754,34530000,0.005,-1278.59391179103,0.00186133722899432
"303",15.787647545901,43.8585187202775,35.805006787232,0.291007967398877,4.93522961480894,0.427377539510784,1.14736326068192,0.968048952056431,0.391094914280614,0.261769776619868,34530000,0.005,-1324.93265779622,0.000278749766457316
"304",16.1418252146171,46.0620544340402,37.7736973540198,0.293866907652963,4.97084882913835,0.428624148746349,1.0888850007133,1.00163886789556,0.393741898067668,0.345867277536094,34530000,0.005,-1325.26779625346,0.000450559604637506
"305",15.6120665199933,43.4526623005947,38.0935525664347,0.301091284950714,4.92186556428462,0.43118703203802,1.17954162512032,0.973606300840174,0.392034722818624,0.244548344227888,34530000,0.005,-1324.95548949352,0.000331619674998468
"306",14.6195382549273,41.0430304904213,33.3614052914799,0.320833984991923,4.994620786275,0.431559967943783,1.35731580157536,0.975340208679197,0.395066771271848,0.092771365947322,34530000,0.005,-1320.30423078472,0.000916612563935776
"307",9.11635723389115,51.8724982125115,36.3928594123901,1.02083115517901,4.52631324253103,0.438740642589498,0.882326643190965,0.591500981874861,0.351097424766425,0.0415655713682594,34530000,0.005,-1276.95439763672,0.0016257880955377
"308",8.99170120379358,51.8578341726695,37.5953775273636,1.03105269230554,4.55591235616208,0.437383982914431,0.900476606190985,0.600308645658898,0.349339176766074,0.043339613873715,34530000,0.005,-1276.9476289473,0.00256449188579705
"309",16.7221624371157,45.7626996790655,38.0072329260854,0.311238385855424,4.96232768425083,0.428349742702137,1.14193329280319,1.03856117406466,0.393279746469374,0.13169537223548,34530000,0.005,-1323.21216573081,0.0006667944255851
"310",15.8194980411296,44.7820643550397,37.3404344578631,0.289181853138928,4.95128045042192,0.427074979303749,1.13317873736214,0.973823079325463,0.390776989020092,0.211814821192945,34530000,0.005,-1324.64342311262,0.000446880673419319
"311",15.5453367575816,44.9083384154812,36.2574694192187,0.286664356115974,4.96688295290975,0.433202502814668,1.14007585251056,0.962289029390125,0.392151663433744,0.352590518170445,34530000,0.005,-1325.26159394201,0.000346577758511696
"312",15.7011025774762,44.4158246541579,35.9120675728851,0.286855696997856,4.97967430457244,0.426196306734619,1.14484135310565,0.966360569375333,0.391042211067304,0.246582213954158,34530000,0.005,-1324.8485209207,0.000449212058795717
"313",15.3103237378899,43.5998717293,35.3138678060586,0.286195588848262,5.04338837682121,0.427652591344646,1.18423135719586,0.940880709197511,0.391341358059912,0.23406146146436,34530000,0.005,-1324.77988190314,0.000388386274599112
"314",8.98033727151138,52.2196438066715,37.5093079268409,1.04256887722593,4.59306802887669,0.445610401199862,0.894349023811226,0.593702530102753,0.351072486764722,0.0425937646178779,34530000,0.005,-1276.95346771297,0.00204573838792213
"315",15.5879807692934,44.4979313076732,36.720525192811,0.285275978967198,4.95775148791564,0.422431284389174,1.13501254280977,0.964450096631653,0.390374389436391,0.289446679918101,34530000,0.005,-1325.04179085418,0.000314936772127527
"316",16.001703968865,44.0295736868725,36.8907653365619,0.300656821104983,5.08922086495624,0.421684116901788,1.22982605605556,1.02290882460134,0.398364368172055,0.116101395107205,34530000,0.005,-1322.36462265707,0.000344057708292223
"317",13.5600843805765,38.2130120104928,31.8220447096916,0.308023048573202,4.94531487590423,0.419284439290299,1.49480947455501,0.849446162533607,0.392198215923855,0.10970721155492,34530000,0.005,-1321.96376025762,0.000804908963194721
"318",9.38446102581744,56.1204322737713,39.7914204741467,1.03480128970481,4.59261200687991,0.439174933598553,0.821427624275101,0.628105552348127,0.351160605371413,0.0437932166955072,34530000,0.005,-1276.96728565436,0.0016979530633614
"319",8.77351333822353,50.2026724512297,35.7573264995544,1.04893506647232,4.56319490598543,0.441851555667131,0.920913131586942,0.563495076106511,0.347494549579116,0.0408712867234722,34530000,0.005,-1276.95990412895,0.00204964212254068
"320",6.91005774330109,46.0256173320832,36.6103240353444,0.998754858714658,4.52432978972054,0.448276448400969,1.16790032470518,0.567176811677795,0.345485093933045,0.0627393735190227,34530000,0.005,-1277.87975742794,0.00136718243315042
"321",8.69515102466701,52.8288235317003,36.358329612265,1.03731263553204,4.54057656776984,0.445514503439943,0.922841480166027,0.56846890858725,0.348714088190578,0.0422270290567133,34530000,0.005,-1276.96775726783,0.00261471857796971
"322",15.8461150682734,43.8337098729102,37.0787547161099,0.29337991405125,4.97927445685276,0.425282713444242,1.15145441422429,0.974368131816988,0.391432454720482,0.206587023895433,34530000,0.005,-1324.60161380487,0.000280525557923487
"323",14.943779384225,42.5852386004265,34.5310987696586,0.28596149818631,4.93048892717043,0.426482658640063,1.1914729102854,0.918448028102462,0.39012640248578,0.32456615044087,34530000,0.005,-1325.17503519736,0.000353284591244198
"324",8.94257667956932,53.5512473597775,38.1819018997638,1.03569250951365,4.54930508622621,0.446125637681479,0.888074312432209,0.592843166318992,0.349239455350919,0.0432731448482146,34530000,0.005,-1276.95533005453,0.00157465211005089
"325",14.885814261229,42.0130478053045,34.6298980949852,0.291083804236577,4.90010104739663,0.433254710034706,1.22242956196156,0.92044275197772,0.390738419176408,0.303095696997051,34530000,0.005,-1325.10811174892,0.000250310400962961
"326",15.4078096002809,43.3116188298806,35.5928251151718,0.289307104400696,5.01703482206595,0.431770823437616,1.17548862306492,0.957325263510649,0.394634048293102,0.294709793460929,34530000,0.005,-1325.05329586245,0.000146478206222952
"327",16.0092134019874,45.2404146228053,37.8442550976932,0.295623737535556,4.9499250239939,0.433464355323838,1.12143036117846,0.99210351959974,0.394545398769163,0.244684740813678,34530000,0.005,-1324.89951442191,0.000173087936401466
"328",16.1337739147363,44.3977707107938,37.2859995889216,0.295035649616188,4.9661650728465,0.432800927748026,1.12191000678532,0.975740784613947,0.390858123660159,0.188908651572228,34530000,0.005,-1324.43800298352,0.000450069408315667
"329",16.2920339095048,45.4268769131823,38.3685496621635,0.295602005939225,4.97878360167418,0.429264677470471,1.12466687955622,0.993601805292793,0.389302633338025,0.159575796693174,34530000,0.005,-1323.96073719194,0.000457534197132615
"330",15.7342135529529,44.3459632061204,36.6505901116767,0.288049856246051,4.9522603050432,0.425237506757115,1.1406249008301,0.977042840160829,0.391812580151406,0.265946758958453,34530000,0.005,-1324.94482492894,0.000310668608032437
"331",6.89664945552944,44.3466758066521,33.9489927200361,1.01478532962734,4.54614725759014,0.444280294812682,1.23934174915816,0.542574481610643,0.34532282616755,0.0584749812756929,34530000,0.005,-1277.59685863814,0.000911964744882087
"332",13.4765679078913,36.8185349667096,31.5331885275666,0.318769259809907,4.84783073483332,0.424549400334482,1.61589489962784,0.88403751732573,0.396739041293967,0.0988744022984738,34530000,0.005,-1321.00273703989,0.000738870298334243
"333",8.66745502268588,50.3694722323733,36.098194205413,1.04073522935673,4.5415650773532,0.438334660277728,0.930763945527524,0.581970626597879,0.347867036342074,0.0441521161348948,34530000,0.005,-1276.95716030007,0.00125100296591857
"334",16.3184875843643,44.5879189328083,37.4169923798247,0.297020488663137,4.85406380407228,0.428378136228981,1.12428758455582,1.00211566597621,0.389848699991112,0.199090825167712,34530000,0.005,-1324.56417946187,0.000359875005592397
"335",6.5805493960879,43.6410103272353,33.7116992603363,1.01711818692755,4.47203540881357,0.437769158875797,1.29258242869212,0.535805391894312,0.342424885739179,0.0624707889415347,34530000,0.005,-1277.91015288705,0.00235460815515996
"336",15.5263866844286,43.6104798621547,36.7181228599357,0.317261216091363,4.90958171117859,0.439636258931575,1.23358608343244,0.997975343401473,0.390422735021634,0.0957674591665945,34530000,0.005,-1320.73771442259,0.000748677282202372
"337",15.7771479853137,44.1814623727732,36.2228401570501,0.290869580456462,4.98958026632557,0.42832170445332,1.13643741880461,0.977822787595956,0.394273554549441,0.332735715287982,34530000,0.005,-1325.18892670879,0.000432038460850742
"338",5.93680494230426,44.0494829748118,36.1709888023885,0.959562260883319,4.45760836810346,0.451678430882679,1.32585669443057,0.555880848028178,0.34812163939626,0.0782529501738578,34530000,0.005,-1279.28652353773,0.0023583814256938
"339",8.69585602233201,50.9638824695892,35.9963938250514,1.04002607740606,4.52146058709193,0.442972139425393,0.935376291216878,0.569812010821294,0.345684099479507,0.0422032450816309,34530000,0.005,-1276.95792400235,0.00202476763840738
"340",8.82191670527197,52.1104122661612,36.8505584329594,1.03513043913485,4.55382241982819,0.444208517595144,0.903693366002738,0.582292517369067,0.347895775409112,0.0429641814442777,34530000,0.005,-1276.94832417143,0.0015907053846191
"341",8.92433037288678,52.8561543920269,38.0804357966917,1.04602258101722,4.56070584961327,0.442293457758346,0.889566974995378,0.593712991682172,0.348000198573331,0.0435870060109157,34530000,0.005,-1276.96015168235,0.00250049121481021
"342",15.3522582799282,43.6291067354859,36.5633291505846,0.290370797152709,4.95373877585317,0.430947279201315,1.16822125446692,0.939252721571236,0.391713897381122,0.257024692803014,34530000,0.005,-1324.93514585516,0.000394832894165682
"343",14.8549305239751,41.8736933116098,34.6139887052056,0.285949124016928,4.98390259770731,0.42911347249438,1.22614964295192,0.915915795391157,0.39101227178248,0.266576176011292,34530000,0.005,-1324.94283607712,0.000295711818984053
"344",7.78522270357733,49.8394480749448,37.5398793253966,1.00594941204901,4.55657003472236,0.438637615094043,1.01793903095454,0.587863179131718,0.347790894929113,0.0545708825122466,34530000,0.005,-1277.33132066608,0.00181323916556377
"345",15.727926995331,44.653625032371,36.8798447036644,0.291340990860003,4.95728982930236,0.431004980573051,1.1405044395694,0.960995422310704,0.386835163371646,0.197891256484178,34530000,0.005,-1324.5217881364,0.000136239124904004
"346",15.0078890328607,42.2039624535072,34.612808497833,0.289202822601867,4.94238903229731,0.423509944864456,1.23105871167292,0.918094517697051,0.39127645554334,0.212731053040091,34530000,0.005,-1324.64853306271,0.000347694025877629
"347",7.43123003957521,56.0821746201585,47.0527874107744,0.694418092988471,4.58085146176174,0.424439037963014,1.00597064831352,0.862996475159129,0.392947321959908,0.0958508819368224,34530000,0.005,-1283.37506345357,0.0025427536313831
"348",8.94592941777445,54.9781257373699,38.6129622072937,1.03238506543703,4.55907840643263,0.452303334130644,0.869711795840189,0.587737819308908,0.347984378434424,0.0428791412567755,34530000,0.005,-1276.96180536447,0.00195205094703624
"349",7.76148008521859,47.349401338655,33.625580252887,1.02341602229416,4.55678384315902,0.441980390979615,1.05988801550391,0.541611468679197,0.348267183704446,0.0476939288554537,34530000,0.005,-1277.05471518316,0.00194744660921253
"350",8.20411533552255,51.5883451412543,37.0704044800839,1.01896371354105,4.60523225481538,0.443815302505509,0.949278121057005,0.572817102226666,0.345610488309935,0.0484593501828469,34530000,0.005,-1277.0602747929,0.0023192962602194
"351",16.0799812679573,45.2507302740838,36.5745422208608,0.291115111542679,4.94686366374234,0.428649605760343,1.09836768205624,0.998938173922691,0.392567515175805,0.360737055759943,34530000,0.005,-1325.2811100604,0.000388689481436114
"352",14.5687053653779,40.7650278706983,33.2549286270496,0.3020728854554,4.95167708021394,0.421766406847021,1.34290079966771,0.90054492925622,0.390650530459647,0.128850611749585,34530000,0.005,-1323.00348971066,0.000626314531321757
"353",15.5328804952641,42.0459971262136,35.5902176826719,0.301831913359959,5.01209775253873,0.427829041122886,1.27541190644906,0.966000634540619,0.395334633934235,0.118029271561316,34530000,0.005,-1322.45564584242,0.000729582379099747
"354",9.09423185908343,53.8231095515735,39.071143460172,1.02744332399191,4.56756648649257,0.443130570151398,0.861804171877995,0.595092973413966,0.348398370693374,0.0424660364585012,34530000,0.005,-1276.9487718735,0.00217195670795125
"355",15.1299677528731,41.8739524522147,34.5642318880506,0.295810592732738,4.88117542853139,0.433858203987889,1.24868674977323,0.916156257230336,0.387644618996593,0.163251333967535,34530000,0.005,-1324.02480834775,0.00033555387443294
"356",15.1908256613757,42.3838087253418,34.7981042065651,0.294802558485186,4.99407284735518,0.425872680883013,1.20145602059712,0.928619329016725,0.390697064407667,0.203316970898806,34530000,0.005,-1324.57463162559,0.000449207377011585
"357",15.4952864670401,43.3747633522498,35.741449499021,0.288426800598102,4.98715069386783,0.424356409323196,1.17736098004544,0.953488027566779,0.391682608782427,0.206611585666076,34530000,0.005,-1324.58132090384,0.000318803078900101
"358",15.2256667255009,42.6791465135229,35.3055149906647,0.286218502658637,4.87234515350873,0.431952932005339,1.1988067781353,0.942511136617052,0.391260779532885,0.277046735202709,34530000,0.005,-1324.98980091469,0.000276772496466753
"359",15.3914490855513,43.9958861048606,36.379393814211,0.294863409500485,4.9726642802408,0.435143463377277,1.17742892143596,0.946848404678054,0.390055007640842,0.220755297467889,34530000,0.005,-1324.73518850572,0.000333722359026704
"360",15.6395201340168,43.4357454502519,36.3524630956692,0.295367917737998,4.96388937408806,0.434810601427727,1.14704739515498,0.971404830686466,0.394720024719911,0.338531335746191,34530000,0.005,-1325.23721651768,0.0003690004919745
"361",15.766354275309,44.8848774357849,37.6579694910902,0.286653164066546,4.97822526364154,0.429398112104638,1.11305746025964,0.974833426955867,0.395358809399599,0.352253769652514,34530000,0.005,-1325.2670757567,0.00037638497809041
"362",8.90457335476978,52.2443059808803,39.30412845975,1.02795409478736,4.58646468223827,0.445780053832605,0.893047409144297,0.605476949524572,0.348158859918059,0.0450582335652059,34530000,0.005,-1276.96267362617,0.0017766779359614
"363",14.844786849965,42.0198967826005,34.4426864584148,0.288969777593676,5.05141124560638,0.414315086345236,1.21574020010226,0.913460386474973,0.393381374965053,0.302197830368164,34530000,0.005,-1325.1149699432,0.000339343760577236
"364",14.992290377286,42.3022617632318,34.9116677732119,0.290543115436802,4.94105717108486,0.429279923665132,1.20966817570167,0.919751715530147,0.390069800372251,0.267607908972408,34530000,0.005,-1324.96818784918,0.000270139918631006
"365",15.3787238984839,44.2382078306991,36.1003739621409,0.292747857124324,4.9492135164246,0.418332559581222,1.13902302642282,0.953147371743322,0.391305955334396,0.347799378940082,34530000,0.005,-1325.27973842633,0.000222445188391311
"366",8.50950929944477,50.4531364703511,36.4625996527271,1.03880132355758,4.67219545161855,0.434134182042081,0.949969566636215,0.587655310365365,0.351742976753045,0.0462257230057135,34530000,0.005,-1277.00686951094,0.0021245210842629
"367",7.75768138154968,47.2956132610963,32.9068461749144,1.04658286405761,4.52581531897514,0.4425628715005,1.07869068622096,0.526737936537853,0.345308499384725,0.0455295595313905,34530000,0.005,-1277.03158754697,0.00186995235751042
"368",15.1067226657746,42.2964451110747,34.926863896748,0.28574810035094,4.9053331118845,0.433023212950802,1.1952792315047,0.930341862252254,0.390460229853222,0.306088268169591,34530000,0.005,-1325.09539351055,0.000276194289220189
"369",15.8059131325558,44.3872138337509,36.915825235846,0.294199457429293,5.01025193043635,0.426687098475097,1.16715315848287,0.967138381351253,0.390532492617876,0.148585938916467,34530000,0.005,-1323.67614153491,0.000324711269076682
"370",15.1117150771312,41.2651032629259,34.4026224219956,0.309189502227605,5.02965445472249,0.42925775849074,1.35172784624217,0.96819240757142,0.393882358871061,0.105837363577756,34530000,0.005,-1321.60595628511,0.000666610158866146
"371",14.4261517147457,40.4743245131379,33.1775589542646,0.292258648284852,4.87584811003802,0.436537592905753,1.31421128867867,0.882891143737831,0.389189096787553,0.22349295884243,34530000,0.005,-1324.75988427225,0.000473583197916628
"372",8.14362309139647,46.4844200705024,34.0472254117529,1.03248908275654,4.50750076592075,0.442925567878218,1.02946618616899,0.550763421726826,0.350223486243359,0.0444999116039152,34530000,0.005,-1276.98572260486,0.00251718813400583
"373",15.1845099126328,42.468005202978,34.9616240701154,0.28712561650979,4.97188823714378,0.426699578260211,1.19225030255984,0.943546809350568,0.392838859102313,0.29418749886947,34530000,0.005,-1325.04573637778,0.000317215929640895
"374",15.5702305717549,43.9053289666944,36.9053937537239,0.3155627484595,4.78859824055066,0.439234515031352,1.23949744983572,1.00250575508416,0.391067467898394,0.0986117292572282,34530000,0.005,-1321.03647210847,0.000789194317400043
"375",15.9648867495881,44.5966831497373,36.3668906032715,0.292517880465453,5.03566714292418,0.423300817014822,1.13074484617107,0.9872979524846,0.39406284362701,0.214328362328365,34530000,0.005,-1324.67028308599,0.00030092760741168
"376",15.5845117185882,44.4897970613081,37.0427083298208,0.293744540875812,5.02077109647982,0.425702020389015,1.13920994461585,0.972651106628942,0.394086634062667,0.313634262418132,34530000,0.005,-1325.15877979931,0.000349079476974564
"377",15.8792571400979,44.8564105268435,37.2868469672685,0.291698359463053,4.88677394886703,0.429116956048606,1.11449144652104,0.972124429464001,0.391938421523724,0.288044829562055,34530000,0.005,-1325.07369740205,0.000311673373939494
"378",8.81854073638145,52.6088382779564,37.358451095503,1.01768478300509,4.51186582849082,0.446014826919828,0.906478946288124,0.578981565007413,0.349601220830181,0.0426059242694575,34530000,0.005,-1276.96232646135,0.00253498735028038
"379",15.861652792366,45.0403756022789,36.2472698387106,0.289347970661009,4.98268971061711,0.429830931790644,1.11141663798986,0.979850627458874,0.396100032863712,0.327381576586318,34530000,0.005,-1325.18723016693,0.000304583785420695
"380",15.6033097017555,43.9973635122202,36.5351868606168,0.289085048846604,4.920100160963,0.424881831573212,1.15324754113209,0.959578414972794,0.391615216654253,0.214155664828654,34530000,0.005,-1324.66210683247,0.000301061286780255
"381",15.898327821088,44.9946847328982,37.155252411871,0.29405241105353,4.97899274438878,0.422043400853689,1.15653234275646,0.982286948649447,0.393769269536974,0.15637771323757,34530000,0.005,-1323.89523518274,0.000475121545188254
"382",15.6566769736855,44.3743350682681,36.5642420687092,0.29356900635653,4.9829321900021,0.433457019666772,1.17144506672066,0.963083307199342,0.389746923614685,0.158679670846094,34530000,0.005,-1323.92197015386,0.000395271518853803
"383",8.68434763219086,51.4443864291467,37.1361118735871,1.02911209945574,4.58745280803955,0.437324414948707,0.934992985921946,0.601769989072568,0.348796815785471,0.045994868990902,34530000,0.005,-1276.98500393377,0.00196855611083384
"384",15.9209524029205,44.5449954687684,37.0173666808666,0.288206911888652,4.87917582222379,0.428161673169308,1.13211234501644,0.990189343593147,0.392573561618766,0.321379467416807,34530000,0.005,-1325.15109808873,0.000379180932935662
"385",8.05096131990497,48.665417742977,34.7111140519247,1.03277793874965,4.56592249626739,0.442830729343601,1.02316832156301,0.559829501015471,0.348612424767367,0.0470408920630782,34530000,0.005,-1277.02414824243,0.00192399566542079
"386",15.3546344596262,44.1744042052839,35.4025630428161,0.287937525766802,4.92760603239547,0.42595862156752,1.16457767927398,0.958144161166335,0.392853295800872,0.371634547558905,34530000,0.005,-1325.31653769725,0.000343828239260332
"387",15.483145772654,42.3869854604387,34.968869934909,0.318310208362344,4.97050186222436,0.418947799617252,1.30942227326872,1.01057943240513,0.396739109651876,0.0994788247969289,34530000,0.005,-1321.08604067619,0.000636558337127093
"388",8.45647311547032,50.5844916010194,36.8899339246865,1.01625362887221,4.55115947784585,0.439633163369356,0.948362908209371,0.578964245068391,0.348095716082148,0.0458640761365781,34530000,0.005,-1276.98204441137,0.00183594213594302
"389",15.3804199901426,42.9772726558702,35.6722461727167,0.289503035177211,4.86113460025816,0.428696978964061,1.1851093936148,0.936073749007245,0.388375321959746,0.211900136024684,34530000,0.005,-1324.64556644037,0.000479443061768109
"390",7.16970314571365,50.8964644255807,38.1082069827374,0.976623745710351,4.66753646222745,0.432709508446934,1.07299185008281,0.593186955147958,0.353366876390415,0.0632943615530736,34530000,0.005,-1277.98324145569,0.00243208817829184
"391",12.3409479386378,33.1376563381452,27.7086683052664,0.315246613470885,4.91984195081234,0.428786031412163,1.98894044047291,0.833418964839875,0.397550348146186,0.100372042422915,34530000,0.005,-1321.13098076831,0.000665766901755283
"392",14.0905939730367,38.5687776674472,32.7689913517458,0.311786198186251,4.96084405517462,0.440226176373384,1.4724394152665,0.895560395523972,0.394563611061799,0.106197165889209,34530000,0.005,-1321.65437930584,0.000662971952683707
"393",7.83353228266976,49.0256148062619,35.7374596672609,1.02093903339475,4.57980917745524,0.447307681360988,1.03122655879835,0.559363411372449,0.347385716211841,0.0496472315347129,34530000,0.005,-1277.10637767292,0.00201591031199175
"394",9.06699562719709,52.9099207213518,39.5014063169087,1.02716279562159,4.57636859331859,0.442709026142764,0.872941901318411,0.612008253285318,0.348607178947668,0.0445793045769702,34530000,0.005,-1276.95803500356,0.00127312230009667
"395",15.7174326841909,43.6958682586543,36.5488551586995,0.297514041093876,5.00509770946519,0.424557095578591,1.18993957111367,0.963617625911006,0.39090510276566,0.140448651673873,34530000,0.005,-1323.43504257217,0.000523512211908737
"396",15.3022110890076,43.3490390046396,34.9962405801287,0.293266195419997,4.90041953542586,0.426255890855698,1.17341283147096,0.951099849176523,0.394694735787784,0.335344412713826,34530000,0.005,-1325.22944020577,0.000249056242273565
"397",15.0772869051642,42.6412609089597,34.3513299381124,0.29326865739849,4.8727239695254,0.434592158559127,1.21513638884358,0.918833134841257,0.3880727668502,0.199437811065813,34530000,0.005,-1324.5468221161,0.000390318645955871
"398",15.3246998311523,42.88382346179,35.482270390606,0.292685175213474,4.96574307632897,0.423673796659098,1.20663161107485,0.940509343707649,0.392528942176997,0.19707824107573,34530000,0.005,-1324.51115909594,0.000419957870271704
"399",15.2873400118822,43.4989520511277,35.5452285796798,0.293163487628515,4.93765877030615,0.421610630770896,1.18826097077609,0.954133464279211,0.39525102746505,0.34548680314406,34530000,0.005,-1325.27138793502,0.000452266061154372
"400",8.85113511107705,51.6025018058645,37.4982963205823,1.03286112989836,4.51582021715256,0.439874968096923,0.905763444937231,0.579322739932509,0.34973695805531,0.0421031181643563,34530000,0.005,-1276.96152168999,0.00200622609396515
